Nama Penyelenggara	Alamat	Telepon	Kategori ID	Kategori EN	Nomor Surat	Tanggal Surat	Status	Keterangan ID	Keterangan EN
PT Bank Negara Indonesia (Persero) Tbk	Jakarta		Systematic Internaliser	Systematic Internaliser	24/8/DPPK/Srt/B	11/01/2022	1		
PT Mandiri Sekuritas	Jakarta		Lembaga Pendukung Transaksi Surat Berharga Komersial	Supporting Institutions for Commercial Securities Transactions	23/222/DPPK/Srt/B	10/26/2021	1		
PT Bank Pembangunan Daerah Bali	Bali		Penerbit Sertifikat Deposito yang Ditransaksikan di Pasar Uang	Issuers of Deposit Certificates Transacted in the Money Market	23/1/KEP.KADEP.DPPK/2021	10/26/2021	1		
PT Mandiri Sekuritas	Jakarta		Lembaga Pendukung Penerbitan Surat Berharga Komersial	Supporting Institutions for the Issuance of Commercial Securities	23/129/DPPK/Srt/B	06/18/2021	1	Penata Laksana	Arranger
Emmyra Fauzia Kariana			Lembaga Pendukung Penerbitan Surat Berharga Komersial	Supporting Institutions for the Issuance of Commercial Securities	23/25/DPPK/Srt/B	02/16/2021	1	Notaris	Notary Public
Ridwan Nawing	"Kantor Notaris Ridwan Nawing, SH
Jl. Mochtar Lutfi No.6 Makassar 90112"		Lembaga Pendukung Penerbitan Surat Berharga Komersial	Supporting Institutions for the Issuance of Commercial Securities	22/155/DPPK/Srt/B	12/21/2020	1	Notaris	Notary Public
Yurisa Martanti			Lembaga Pendukung Penerbitan Surat Berharga Komersial	Supporting Institutions for the Issuance of Commercial Securities	22/127/DPPK/Srt/B	12/01/2020	1	Notaris	Notary Public
Egi Anggiawati Padli			Lembaga Pendukung Penerbitan Surat Berharga Komersial	Supporting Institutions for the Issuance of Commercial Securities	22/128/DPPK/Srt/B	12/01/2020	1	Notaris	Notary Public
Nieke Yunianti			Lembaga Pendukung Penerbitan Surat Berharga Komersial	Supporting Institutions for the Issuance of Commercial Securities	22/118/DPPK/Srt/B	11/10/2020	1	Akuntan Publik	Public Accountant
Agung Purwanto			Lembaga Pendukung Penerbitan Surat Berharga Komersial	Supporting Institutions for the Issuance of Commercial Securities	22/95/DPPK/Srt.B	09/15/2020	1	Akuntan Publik	Public Accountant
PT Shinhan Sekuritas Indonesia	Jakarta		Lembaga Pendukung Penerbitan Surat Berharga Komersial	Supporting Institutions for the Issuance of Commercial Securities	22/89/DPPK/Srt/B	08/31/2020	1	Penata Laksana	Arranger
Said Amru			Lembaga Pendukung Penerbitan Surat Berharga Komersial	Supporting Institutions for the Issuance of Commercial Securities	22/70/DPPK/Srt.B	07/16/2020	1	Akuntan Publik	Public Accountant
PT BRI	Jakarta		Penerbit Sertifikat Deposito yang Ditransaksikan di Pasar Uang	Issuers of Deposit Certificates Transacted in the Money Market	22/1/KEP.KADEP.DPPK/2020	05/11/2020	1		
Bank DBS Indonesia	Jakarta		Systematic Internaliser	Systematic Internaliser	22/8/DGS-DPPK/Srt/B	05/04/2020	1		
HSBC Bank	Jakarta		Systematic Internaliser	Systematic Internaliser	22/9/DGS-DPPK/Srt/B	05/04/2020	1		
Deutsche Bank	Jakarta		Systematic Internaliser	Systematic Internaliser	22/10/DGS-DPPK/Srt/B	05/04/2020	1		
Citibank	Jakarta		Systematic Internaliser	Systematic Internaliser	22/11/DGS-DPPK/Srt/B	05/04/2020	1		
Bank Mandiri	Jakarta		Systematic Internaliser	Systematic Internaliser	22/3/DGS-DPPK/Srt/B	04/27/2020	1		
Standard Chartered Bank	Jakarta		Systematic Internaliser	Systematic Internaliser	22/4/DGS-DPPK/Srt/B	04/27/2020	1		
Bank Central Asia	Jakarta		Systematic Internaliser	Systematic Internaliser	22/5/DGS-DPPK/Srt/B	04/27/2020	1		
Bank Rakyat Indonesia	Jakarta		Systematic Internaliser	Systematic Internaliser	22/6/DGS-DPPK/Srt/B	04/27/2020	1		
MUFG Bank	Jakarta		Systematic Internaliser	Systematic Internaliser	22/7/DGS-DPPK/Srt/B	04/27/2020	1		
PT CIMB Niaga Sekuritas	Jakarta		Lembaga Pendukung Penerbitan Surat Berharga Komersial	Supporting Institutions for the Issuance of Commercial Securities	22/17/DPPK/Srt/B	01/30/2020	1	Penata Laksana	Arranger
Jimmy Pangestu			Lembaga Pendukung Penerbitan Surat Berharga Komersial	Supporting Institutions for the Issuance of Commercial Securities	21/339/DPPK/Srt.B	12/30/2019	1	Akuntan Publik	Public Accountant
Tjhin Silawati			Lembaga Pendukung Penerbitan Surat Berharga Komersial	Supporting Institutions for the Issuance of Commercial Securities	21/333/DPPK/Srt.B	12/23/2019	1	Akuntan Publik	Public Accountant
Imran S; Kristanto, S.H., LL.M			Lembaga Pendukung Penerbitan Surat Berharga Komersial	Supporting Institutions for the Issuance of Commercial Securities	21/337/DPPK/Srt/B	12/23/2019	1	Konsultan Hukum	Law Consultant
Teddy A. Wardhana, S.H., LL.M			Lembaga Pendukung Penerbitan Surat Berharga Komersial	Supporting Institutions for the Issuance of Commercial Securities	21/335/DPPK/Srt/B	12/23/2019	1	Konsultan Hukum	Law Consultant
Firma Firdaus, S.H.			Lembaga Pendukung Penerbitan Surat Berharga Komersial	Supporting Institutions for the Issuance of Commercial Securities	21/336/DPPK/Srt/B	12/23/2019	1	Konsultan Hukum	Law Consultant
Ir. Nanette Cahyanie Handari Adi Warsito, S.H.			Lembaga Pendukung Penerbitan Surat Berharga Komersial	Supporting Institutions for the Issuance of Commercial Securities	21/326/DPPK/Srt/B	12/12/2019	1	Notaris	Notary Public
Sahat M. Tampubolon			Lembaga Pendukung Penerbitan Surat Berharga Komersial	Supporting Institutions for the Issuance of Commercial Securities	21/328/DPPK/Srt/B	12/03/2019	1	Akuntan Publik	Public Accountant
Septian Ricky Jhonatan			Lembaga Pendukung Penerbitan Surat Berharga Komersial	Supporting Institutions for the Issuance of Commercial Securities	21/327/DPPK/Srt/B	12/03/2019	1	Akuntan Publik	Public Accountant
PT Bank DKI	Jakarta		Penerbit Sertifikat Deposito yang Ditransaksikan di Pasar Uang	Issuers of Deposit Certificates Transacted in the Money Market	21/12/KEP.KADEP.DPPK/2019	11/19/2019	1		
PT Bank CIMB Niaga, Tbk	Jakarta		Lembaga Pendukung Penatausahaan dan Penyelesaian Transaksi Sertifikat Deposito Syariah	Supporting Institutions for Administration and Settlement of Sharia Deposit Certificates Transacted in the Money Market	21/4/DEKS/SRT/B	11/01/2019	1		
Zarya Nugroho			Lembaga Pendukung Penerbitan Surat Berharga Komersial	Supporting Institutions for the Issuance of Commercial Securities	21/277/DPPK/Srt/B	10/31/2019	1	Akuntan Publik	Public Accountant
Pramudya Oktavinanda			Lembaga Pendukung Penerbitan Surat Berharga Komersial	Supporting Institutions for the Issuance of Commercial Securities	21/276/DPPK/Srt/B	10/31/2019	1	Konsultan Hukum	Law Consultant
Ahmad Zakaria			Lembaga Pendukung Penerbitan Surat Berharga Komersial	Supporting Institutions for the Issuance of Commercial Securities	21/279/DPPK/Srt/B	10/31/2019	1	Konsultan Hukum	Law Consultant
Sudiotomo Kartohadiprodjo			Lembaga Pendukung Penerbitan Surat Berharga Komersial	Supporting Institutions for the Issuance of Commercial Securities	21/269/DPPK/Srt/B	10/30/2019	1	Konsultan Hukum	Law Consultant
Maybank Kim Eng Sekuritas	Jakarta		Perantara Transaksi Sertifikat Deposito di Pasar Uang	Intermediary for Deposit Certificate Transactions in the Money Market	21/11/KEP.KADEP.DPPK/2019	10/30/2019	1		
Maybank Kim Eng Sekuritas	Jakarta		Kustodian Transaksi Sertifikat Deposito di Pasar Uang	Custodian for Deposit Certificate Transactions in the Money Market	21/11/KEP.KADEP.DPPK/2019	10/30/2019	1		
Chandra Bima Prakasa			Lembaga Pendukung Penerbitan Surat Berharga Komersial	Supporting Institutions for the Issuance of Commercial Securities	21/263/DPPK/Srt/B	10/28/2019	1	Konsultan Hukum	Law Consultant
Aji Nur Hadian			Lembaga Pendukung Penerbitan Surat Berharga Komersial	Supporting Institutions for the Issuance of Commercial Securities	21/265/DPPK/Srt/B	10/28/2019	1	Konsultan Hukum	Law Consultant
Helen Joni Marsinih, S.H.			Lembaga Pendukung Penerbitan Surat Berharga Komersial	Supporting Institutions for the Issuance of Commercial Securities	21/216/DPPK/Srt/B	09/06/2019	1	Konsultan Hukum	Law Consultant
Sri Kusdinarti Martoatmodjo, S.H., M.H., LL.M			Lembaga Pendukung Penerbitan Surat Berharga Komersial	Supporting Institutions for the Issuance of Commercial Securities	21/218/DPPK/Srt/B	09/06/2019	1	Konsultan Hukum	Law Consultant
Vyati Kartika Sari, S.H., M.H.			Lembaga Pendukung Penerbitan Surat Berharga Komersial	Supporting Institutions for the Issuance of Commercial Securities	21/220/DPPK/Srt/B	09/06/2019	1	Konsultan Hukum	Law Consultant
Elisabeth Imelda, S.E., M.Ak., CPA			Lembaga Pendukung Penerbitan Surat Berharga Komersial	Supporting Institutions for the Issuance of Commercial Securities	21/205/DPPK/Srt/B	09/03/2019	1	Akuntan Publik	Public Accountant
Ichsan Perwira Kurniagung, S.H., M.H.			Lembaga Pendukung Penerbitan Surat Berharga Komersial	Supporting Institutions for the Issuance of Commercial Securities	21/198/DPPK/Srt/B	08/27/2019	1	Konsultan Hukum	Law Consultant
PT  Bank Central Asia Tbk.	Jakarta		Lembaga Pendukung Penatausahaan dan Penyelesaian Transaksi Surat Berharga Komersial	Supporting Institutions for Administration and Settlement of Commercial Securities Transactions	21/192/DPPK/Srt/B	08/23/2019	1		
PT Danareksa Sekuritas	Jakarta		Lembaga Pendukung Penatausahaan dan Penyelesaian Transaksi Surat Berharga Komersial	Supporting Institutions for Administration and Settlement of Commercial Securities Transactions	21/181/DPPK/Srt/B	08/16/2019	1		
PT Binaartha Sekuritas 	Jakarta		Lembaga Pendukung Penatausahaan dan Penyelesaian Transaksi Surat Berharga Komersial	Supporting Institutions for Administration and Settlement of Commercial Securities Transactions	21/184/DPPK/Srt/B	08/16/2019	1		
PT Danareksa Sekuritas	Jakarta		Lembaga Pendukung Transaksi Surat Berharga Komersial	Supporting Institutions for Commercial Securities Transactions	21/180/DPPK/Srt/B	08/16/2019	1		
PT Binaartha Sekuritas 	Jakarta		Lembaga Pendukung Penerbitan Surat Berharga Komersial	Supporting Institutions for the Issuance of Commercial Securities	21/178/DPPK/Srt/B	08/16/2019	1	Penata Laksana	Arranger
PT Danareksa Sekuritas	Jakarta		Lembaga Pendukung Penerbitan Surat Berharga Komersial	Supporting Institutions for the Issuance of Commercial Securities	21/179/DPPK/Srt/B	08/16/2019	1	Penata Laksana	Arranger
Slamet Riyanto, SE., AK., CA., CPA., CPI			Lembaga Pendukung Penerbitan Surat Berharga Komersial	Supporting Institutions for the Issuance of Commercial Securities	21/175/DPPK/Srt/B	08/15/2019	1	Akuntan Publik	Public Accountant
Deutsche Bank AG	Jakarta		Penerbit Sertifikat Deposito yang Ditransaksikan di Pasar Uang	Issuers of Deposit Certificates Transacted in the Money Market	21/10/KEP.KADEP.DPPK/2019	08/12/2019	1		
Wayan B. Risma, S.E., M.Ak., CPA			Lembaga Pendukung Penerbitan Surat Berharga Komersial	Supporting Institutions for the Issuance of Commercial Securities	21/154/DPPK/Srt/B	08/05/2019	1	Akuntan Publik	Public Accountant
Ferry Fajarin Rajagukguk, S.H., LL.M			Lembaga Pendukung Penerbitan Surat Berharga Komersial	Supporting Institutions for the Issuance of Commercial Securities	21/149/DPPK/Srt/B	07/22/2019	1	Konsultan Hukum	Law Consultant
Andi Gunawan, S.H., MBA.			Lembaga Pendukung Penerbitan Surat Berharga Komersial	Supporting Institutions for the Issuance of Commercial Securities	21/151/DPPK/Srt/B	07/22/2019	1	Konsultan Hukum	Law Consultant
Heliza Ismayati, S.E., Ak., CA., CPA			Lembaga Pendukung Penerbitan Surat Berharga Komersial	Supporting Institutions for the Issuance of Commercial Securities	21/136/DPPK/Srt/B	07/05/2019	1	Akuntan Publik	Public Accountant
PT Bukopin Tbk	Jakarta		Kustodian Transaksi Sertifikat Deposito di Pasar Uang	Custodian for Deposit Certificate Transactions in the Money Market	21/9/KEP.KADEP.DPPK/2019	06/08/2019	1		
Indra Wargadalem			Lembaga Pendukung Penerbitan Surat Berharga Komersial	Supporting Institutions for the Issuance of Commercial Securities	21/113/DPPK/Srt/B	05/22/2019	1	Konsultan Hukum	Law Consultant
Citibank, N.A. Indonesia	Jakarta		Lembaga Pendukung Penatausahaan dan Penyelesaian Transaksi Sertifikat Deposito Syariah	Supporting Institutions for Administration and Settlement of Sharia Deposit Certificates Transacted in the Money Market	21/191/DEKS/SRT/B	05/17/2019	1		
PT Bank Negara Indonesia (Persero) Tbk.	Jakarta		Penerbit Sertifikat Deposito yang Ditransaksikan di Pasar Uang	Issuers of Deposit Certificates Transacted in the Money Market	21/7/KEP.KADEP.DPPK/2019	04/09/2019	1		
H.M.U Fachri Asaari			Lembaga Pendukung Penerbitan Surat Berharga Komersial	Supporting Institutions for the Issuance of Commercial Securities	21/99/DPPK/Srt/B	04/08/2019	1	Konsultan Hukum	Law Consultant
PT Bank DBS	Jakarta		Lembaga Pendukung Penatausahaan dan Penyelesaian Transaksi Surat Berharga Komersial	Supporting Institutions for Administration and Settlement of Commercial Securities Transactions	21/77/DPPK/Srt/B	03/29/2019	1		
PT Bank DBS	Jakarta		Kustodian Transaksi Sertifikat Deposito di Pasar Uang	Custodian for Deposit Certificate Transactions in the Money Market	21/6/KEP.KADEP.DPPK/2019	03/21/2019	1		
Standard Chartered Bank	Jakarta		Lembaga Pendukung Penatausahaan dan Penyelesaian Transaksi Sertifikat Deposito Syariah	Supporting Institutions for Administration and Settlement of Sharia Deposit Certificates Transacted in the Money Market	21/55/DEKS/SRT/B	02/28/2019	1		
PT Fitch Ratings Indonesia	Jakarta		Lembaga Pendukung Penerbitan Surat Berharga Komersial	Supporting Institutions for the Issuance of Commercial Securities	21/93/DPPK/Srt/B	02/27/2019	1	Lembaga Pemeringkat	Rating Agency
Safrin Maruli Tua, Ak., MBA., CPA., CA.			Lembaga Pendukung Penerbitan Surat Berharga Komersial	Supporting Institutions for the Issuance of Commercial Securities	21/53/DPPK/Srt/B	02/22/2019	1	Akuntan Publik	Public Accountant
PT Bank DBS Indonesia	Jakarta		Lembaga Pendukung Penatausahaan dan Penyelesaian Transaksi Sertifikat Deposito Syariah	Supporting Institutions for Administration and Settlement of Sharia Deposit Certificates Transacted in the Money Market	21/77/DEKS/SRT/B	02/04/2019	1		
Atok Komarianto, SE., Ak., CPSAK., CA., CPA., CACP., CLI., ACPA.			Lembaga Pendukung Penerbitan Surat Berharga Komersial	Supporting Institutions for the Issuance of Commercial Securities	21/36/DPPK/Srt/B	01/25/2019	1	Akuntan Publik	Public Accountant
PT Bank Tabungan Pensiun Nasional Tbk	Jakarta		Penerbit Sertifikat Deposito yang Ditransaksikan di Pasar Uang	Issuers of Deposit Certificates Transacted in the Money Market	21/3/KEP.KADEP.DPPK/2019	01/14/2019	1		
PT Bank Victoria International Tbk	Jakarta		Penerbit Sertifikat Deposito yang Ditransaksikan di Pasar Uang	Issuers of Deposit Certificates Transacted in the Money Market	21/2/KEP.KADEP.DPPK/2019	01/11/2019	1		
Hendang Tanusdjaja			Lembaga Pendukung Penerbitan Surat Berharga Komersial	Supporting Institutions for the Issuance of Commercial Securities	21/11/DPPK/Srt/B	01/07/2019	1	Akuntan Publik	Public Accountant
Drs. Eddy Kaslim			Lembaga Pendukung Penerbitan Surat Berharga Komersial	Supporting Institutions for the Issuance of Commercial Securities	21/13/DPPK/Srt/B	01/07/2019	1	Akuntan Publik	Public Accountant
Erik Ennedy, SE., Ak.			Lembaga Pendukung Penerbitan Surat Berharga Komersial	Supporting Institutions for the Issuance of Commercial Securities	21/15/DPPK/Srt/B	01/07/2019	1	Akuntan Publik	Public Accountant
Suwardji Achmad, SE., M.SAK., CPA.			Lembaga Pendukung Penerbitan Surat Berharga Komersial	Supporting Institutions for the Issuance of Commercial Securities	21/17/DPPK/Srt/B	01/07/2019	1	Akuntan Publik	Public Accountant
PT Bank Negara Indonesia (Persero) Tbk.	Jakarta		Kustodian Transaksi Sertifikat Deposito di Pasar Uang	Custodian for Deposit Certificate Transactions in the Money Market	21/1/KEP.KADEP.DPPK/2019	01/04/2019	1		
PT Bank HSBC Indonesia 	Jakarta		Lembaga Pendukung Penatausahaan dan Penyelesaian Transaksi Sertifikat Deposito Syariah	Supporting Institutions for Administration and Settlement of Sharia Deposit Certificates Transacted in the Money Market	20/750/DEKS/SRT/B 	12/28/2018	1		
Deutche Bank AG	Jakarta		Lembaga Pendukung Penatausahaan dan Penyelesaian Transaksi Sertifikat Deposito Syariah	Supporting Institutions for Administration and Settlement of Sharia Deposit Certificates Transacted in the Money Market	20/751/DEKS/SRT/B	12/28/2018	1		
Doli Diapary Siregar, CPA			Lembaga Pendukung Penerbitan Surat Berharga Komersial	Supporting Institutions for the Issuance of Commercial Securities	20/473/DPPK/Srt/B	10/23/2018	1	Akuntan Publik	Public Accountant
Drs. Ali Djamhuri, M.Com., CPA.			Lembaga Pendukung Penerbitan Surat Berharga Komersial	Supporting Institutions for the Issuance of Commercial Securities	20/474/DPPK/Srt/B	10/23/2018	1	Akuntan Publik	Public Accountant
Dr. Bambang Hariadi, CPA.			Lembaga Pendukung Penerbitan Surat Berharga Komersial	Supporting Institutions for the Issuance of Commercial Securities	20/475/DPPK/Srt/B	10/23/2018	1	Akuntan Publik	Public Accountant
Drs. Bambang Sulistiyanto Ak, MBA., CPA			Lembaga Pendukung Penerbitan Surat Berharga Komersial	Supporting Institutions for the Issuance of Commercial Securities	20/476/DPPK/Srt/B	10/23/2018	1	Akuntan Publik	Public Accountant
Dadang Mulyana, CA., CPA.			Lembaga Pendukung Penerbitan Surat Berharga Komersial	Supporting Institutions for the Issuance of Commercial Securities	20/477/DPPK/Srt/B	10/23/2018	1	Akuntan Publik	Public Accountant
Drs. Didied P. Affandy, MBA., CPA.			Lembaga Pendukung Penerbitan Surat Berharga Komersial	Supporting Institutions for the Issuance of Commercial Securities	20/478/DPPK/Srt/B	10/23/2018	1	Akuntan Publik	Public Accountant
Drs. Rudy Soegiharto, Ak., CPA.			Lembaga Pendukung Penerbitan Surat Berharga Komersial	Supporting Institutions for the Issuance of Commercial Securities	20/479/DPPK/Srt/B	10/23/2018	1	Akuntan Publik	Public Accountant
Rupmatuk Sibarani			Lembaga Pendukung Penerbitan Surat Berharga Komersial	Supporting Institutions for the Issuance of Commercial Securities	20/480/DPPK/Srt/B	10/23/2018	1	Akuntan Publik	Public Accountant
Sudirman Simangunsong, M.Si., CPA.			Lembaga Pendukung Penerbitan Surat Berharga Komersial	Supporting Institutions for the Issuance of Commercial Securities	20/481/DPPK/Srt/B	10/23/2018	1	Akuntan Publik	Public Accountant
Talupan Lumban Gaol			Lembaga Pendukung Penerbitan Surat Berharga Komersial	Supporting Institutions for the Issuance of Commercial Securities	20/482/DPPK/Srt/B	10/23/2018	1	Akuntan Publik	Public Accountant
Triyanto, SE., Ak., M.Si., CPA.			Lembaga Pendukung Penerbitan Surat Berharga Komersial	Supporting Institutions for the Issuance of Commercial Securities	20/483/DPPK/Srt/B	10/23/2018	1	Akuntan Publik	Public Accountant
Andry Danil Atmadja			Lembaga Pendukung Penerbitan Surat Berharga Komersial	Supporting Institutions for the Issuance of Commercial Securities	20/458/DPPK/Srt/B	10/17/2018	1	Akuntan Publik	Public Accountant
Ruli Fajar Hidayat W., S.H.			Lembaga Pendukung Penerbitan Surat Berharga Komersial	Supporting Institutions for the Issuance of Commercial Securities	20/462/DPPK/Srt/B	10/17/2018	1	Konsultan Hukum	Law Consultant
Gede Bagus Wulansari, S.H., M.H.			Lembaga Pendukung Penerbitan Surat Berharga Komersial	Supporting Institutions for the Issuance of Commercial Securities	20/464/DPPK/Srt/B	10/17/2018	1	Konsultan Hukum	Law Consultant
PT Victoria Sekuritas Indonesia	Jakarta		Kustodian Transaksi Sertifikat Deposito di Pasar Uang	Custodian for Deposit Certificate Transactions in the Money Market	20/14/KEP.KADEP.DPPK/2018	10/17/2018	1		
PT. Bank Bukopin Tbk.	Jakarta		Lembaga Pendukung Penatausahaan dan Penyelesaian Transaksi Surat Berharga Komersial	Supporting Institutions for Administration and Settlement of Commercial Securities Transactions	20/460/DPPK/Srt/B	10/17/2018	1		
PT Victoria Sekuritas Indonesia	Jakarta		Perantara Transaksi Sertifikat Deposito di Pasar Uang	Intermediary for Deposit Certificate Transactions in the Money Market	20/14/KEP.KADEP.DPPK/2018	10/17/2018	1		
PT. BPD Jawa Tengah	Semarang		Penerbit Sertifikat Deposito yang Ditransaksikan di Pasar Uang	Issuers of Deposit Certificates Transacted in the Money Market	20/13/KEP.KADEP.DPPK/2018	10/05/2018	1		
Dewi Lestari, S.H., M.H.			Lembaga Pendukung Penerbitan Surat Berharga Komersial	Supporting Institutions for the Issuance of Commercial Securities	20/446/DPPK/Srt/B	09/25/2018	1	Konsultan Hukum	Law Consultant
Brigitta I. Rahayoe, S.H.			Lembaga Pendukung Penerbitan Surat Berharga Komersial	Supporting Institutions for the Issuance of Commercial Securities	20/429/DPPK/Srt/B	09/12/2018	1	Konsultan Hukum	Law Consultant
PT. Bank Mandiri (Persero) Tbk	Jakarta		Lembaga Pendukung Penatausahaan dan Penyelesaian Transaksi Surat Berharga Komersial	Supporting Institutions for Administration and Settlement of Commercial Securities Transactions	20/431/DPPK/Srt/B	09/12/2018	1		
PT. BCA Sekuritas	Jakarta		Lembaga Pendukung Penatausahaan dan Penyelesaian Transaksi Surat Berharga Komersial	Supporting Institutions for Administration and Settlement of Commercial Securities Transactions	20/411/DPPK/Srt/B	08/27/2018	1		
Deutsche Bank AG., Jakarta	Jakarta		Lembaga Pendukung Penatausahaan dan Penyelesaian Transaksi Surat Berharga Komersial	Supporting Institutions for Administration and Settlement of Commercial Securities Transactions	20/415/DPPK/Srt/B	08/27/2018	1		
PT BCA Sekuritas	Jakarta		Lembaga Pendukung Transaksi Surat Berharga Komersial	Supporting Institutions for Commercial Securities Transactions	20/413/DPPK/Srt/B	08/27/2018	1		
Dr. Kumalahadi, M.Si., Ak, CA, CPA			Lembaga Pendukung Penerbitan Surat Berharga Komersial	Supporting Institutions for the Issuance of Commercial Securities	20/401/DPPK/Srt/B	08/23/2018	1	Akuntan Publik	Public Accountant
M. Kuncara Budi Santosa, SE, Ak, MM, CA, CPA, BKP			Lembaga Pendukung Penerbitan Surat Berharga Komersial	Supporting Institutions for the Issuance of Commercial Securities	20/403/DPPK/Srt/B	08/23/2018	1	Akuntan Publik	Public Accountant
Tjoepit Samiadji, SE, Ak, CA, CPA			Lembaga Pendukung Penerbitan Surat Berharga Komersial	Supporting Institutions for the Issuance of Commercial Securities	20/405/DPPK/Srt/B	08/23/2018	1	Akuntan Publik	Public Accountant
Irhoan Tanudiredja			Lembaga Pendukung Penerbitan Surat Berharga Komersial	Supporting Institutions for the Issuance of Commercial Securities	20/371/DPPK/Srt/B	08/08/2018	1	Akuntan Publik	Public Accountant
M. Jusuf Wibisana			Lembaga Pendukung Penerbitan Surat Berharga Komersial	Supporting Institutions for the Issuance of Commercial Securities	20/372/DPPK/Srt/B	08/08/2018	1	Akuntan Publik	Public Accountant
Eddy Rintis			Lembaga Pendukung Penerbitan Surat Berharga Komersial	Supporting Institutions for the Issuance of Commercial Securities	20/373/DPPK/Srt/B	08/08/2018	1	Akuntan Publik	Public Accountant
Lucy Luciana Suhenda			Lembaga Pendukung Penerbitan Surat Berharga Komersial	Supporting Institutions for the Issuance of Commercial Securities	20/374/DPPK/Srt/B	08/08/2018	1	Akuntan Publik	Public Accountant
Nita Skolastika Ruslim			Lembaga Pendukung Penerbitan Surat Berharga Komersial	Supporting Institutions for the Issuance of Commercial Securities	20/375/DPPK/Srt/B	08/08/2018	1	Akuntan Publik	Public Accountant
Ade Setiawan Elimin			Lembaga Pendukung Penerbitan Surat Berharga Komersial	Supporting Institutions for the Issuance of Commercial Securities	20/376/DPPK/Srt/B	08/08/2018	1	Akuntan Publik	Public Accountant
Jumadi			Lembaga Pendukung Penerbitan Surat Berharga Komersial	Supporting Institutions for the Issuance of Commercial Securities	20/377/DPPK/Srt/B	08/08/2018	1	Akuntan Publik	Public Accountant
Chrisna A. Wardhana			Lembaga Pendukung Penerbitan Surat Berharga Komersial	Supporting Institutions for the Issuance of Commercial Securities	20/378/DPPK/Srt/B	08/08/2018	1	Akuntan Publik	Public Accountant
Yusron			Lembaga Pendukung Penerbitan Surat Berharga Komersial	Supporting Institutions for the Issuance of Commercial Securities	20/379/DPPK/Srt/B	08/08/2018	1	Akuntan Publik	Public Accountant
Buntoro Rianto			Lembaga Pendukung Penerbitan Surat Berharga Komersial	Supporting Institutions for the Issuance of Commercial Securities	20/380/DPPK/Srt/B	08/08/2018	1	Akuntan Publik	Public Accountant
Lok Budianto			Lembaga Pendukung Penerbitan Surat Berharga Komersial	Supporting Institutions for the Issuance of Commercial Securities	20/381/DPPK/Srt/B	08/08/2018	1	Akuntan Publik	Public Accountant
Yanto			Lembaga Pendukung Penerbitan Surat Berharga Komersial	Supporting Institutions for the Issuance of Commercial Securities	20/382/DPPK/Srt/B	08/08/2018	1	Akuntan Publik	Public Accountant
Djohan Pinnarwan Jusuf			Lembaga Pendukung Penerbitan Surat Berharga Komersial	Supporting Institutions for the Issuance of Commercial Securities	20/383/DPPK/Srt/B	08/08/2018	1	Akuntan Publik	Public Accountant
Angelique Dewi Daryanto			Lembaga Pendukung Penerbitan Surat Berharga Komersial	Supporting Institutions for the Issuance of Commercial Securities	20/384/DPPK/Srt/B	08/08/2018	1	Akuntan Publik	Public Accountant
Subianto			Lembaga Pendukung Penerbitan Surat Berharga Komersial	Supporting Institutions for the Issuance of Commercial Securities	20/385/DPPK/Srt/B	08/08/2018	1	Akuntan Publik	Public Accountant
Daniel Kohar			Lembaga Pendukung Penerbitan Surat Berharga Komersial	Supporting Institutions for the Issuance of Commercial Securities	20/386/DPPK/Srt/B	08/08/2018	1	Akuntan Publik	Public Accountant
Yuliana Sudjonno			Lembaga Pendukung Penerbitan Surat Berharga Komersial	Supporting Institutions for the Issuance of Commercial Securities	20/387/DPPK/Srt/B	08/08/2018	1	Akuntan Publik	Public Accountant
PT BCA Sekuritas	Jakarta		Lembaga Pendukung Penerbitan Surat Berharga Komersial	Supporting Institutions for the Issuance of Commercial Securities	20/363/DPPK/Srt/B	07/30/2018	1	Penata Laksana	Arranger
Saptoto Agustomo			Lembaga Pendukung Penerbitan Surat Berharga Komersial	Supporting Institutions for the Issuance of Commercial Securities	20/344/DPPK/Srt/B	07/19/2018	1	Akuntan Publik	Public Accountant
Benny Andria			Lembaga Pendukung Penerbitan Surat Berharga Komersial	Supporting Institutions for the Issuance of Commercial Securities	20/345/DPPK/Srt/B	07/19/2018	1	Akuntan Publik	Public Accountant
Rudi Hartono Purba			Lembaga Pendukung Penerbitan Surat Berharga Komersial	Supporting Institutions for the Issuance of Commercial Securities	20/346/DPPK/Srt/B	07/19/2018	1	Akuntan Publik	Public Accountant
Didik Wahyudiyanto			Lembaga Pendukung Penerbitan Surat Berharga Komersial	Supporting Institutions for the Issuance of Commercial Securities	20/347/DPPK/Srt/B	07/19/2018	1	Akuntan Publik	Public Accountant
Rusli			Lembaga Pendukung Penerbitan Surat Berharga Komersial	Supporting Institutions for the Issuance of Commercial Securities	20/348/DPPK/Srt/B	07/19/2018	1	Akuntan Publik	Public Accountant
Dedy Sukrisnadi			Lembaga Pendukung Penerbitan Surat Berharga Komersial	Supporting Institutions for the Issuance of Commercial Securities	20/349/DPPK/Srt/B	07/19/2018	1	Akuntan Publik	Public Accountant
Riki Afrianof, S.E., CPA			Lembaga Pendukung Penerbitan Surat Berharga Komersial	Supporting Institutions for the Issuance of Commercial Securities	20/350/DPPK/Srt/B	07/19/2018	1	Akuntan Publik	Public Accountant
Tjun Tjun, S.E., CPA			Lembaga Pendukung Penerbitan Surat Berharga Komersial	Supporting Institutions for the Issuance of Commercial Securities	20/351/DPPK/Srt/B	07/19/2018	1	Akuntan Publik	Public Accountant
Galuh Worohapsari Anggonoraras Mustikaningjati, S.E., Ak., CPA			Lembaga Pendukung Penerbitan Surat Berharga Komersial	Supporting Institutions for the Issuance of Commercial Securities	20/352/DPPK/Srt/B	07/19/2018	1	Akuntan Publik	Public Accountant
Eishennoraz, S.E., M.Si., Ak., CA., CPA			Lembaga Pendukung Penerbitan Surat Berharga Komersial	Supporting Institutions for the Issuance of Commercial Securities	20/353/DPPK/Srt/B	07/19/2018	1	Akuntan Publik	Public Accountant
Dewi Novita Sari, S.E., CPA			Lembaga Pendukung Penerbitan Surat Berharga Komersial	Supporting Institutions for the Issuance of Commercial Securities	20/354/DPPK/Srt/B	07/19/2018	1	Akuntan Publik	Public Accountant
Jul Edy Siahaan, S.E., CPA			Lembaga Pendukung Penerbitan Surat Berharga Komersial	Supporting Institutions for the Issuance of Commercial Securities	20/355/DPPK/Srt/B	07/19/2018	1	Akuntan Publik	Public Accountant
Endang Pramuwati			Lembaga Pendukung Penerbitan Surat Berharga Komersial	Supporting Institutions for the Issuance of Commercial Securities	20/356/DPPK/Srt/B	07/19/2018	1	Akuntan Publik	Public Accountant
Winny Evalestine Patriarini, S.E., Ak., CPA			Lembaga Pendukung Penerbitan Surat Berharga Komersial	Supporting Institutions for the Issuance of Commercial Securities	20/357/DPPK/Srt/B	07/19/2018	1	Akuntan Publik	Public Accountant
Sari Lukitaningsih, SH., MH.			Lembaga Pendukung Penerbitan Surat Berharga Komersial	Supporting Institutions for the Issuance of Commercial Securities	20/341/DPPK/Srt/B	07/09/2018	1	Konsultan Hukum	Law Consultant
Acep Kusmayadi, Ak., CA., CPA			Lembaga Pendukung Penerbitan Surat Berharga Komersial	Supporting Institutions for the Issuance of Commercial Securities	20/328/DPPK/Srt/B	06/22/2018	1	Akuntan Publik	Public Accountant
PT Bank Permata, Tbk.	Jakarta		Lembaga Pendukung Penatausahaan dan Penyelesaian Transaksi Surat Berharga Komersial	Supporting Institutions for Administration and Settlement of Commercial Securities Transactions	20/330/DPPK/Srt/B	06/22/2018	1		
Drs. Raja Sirait, SH., MH., MM., CLA., CRA., CLI.			Lembaga Pendukung Penerbitan Surat Berharga Komersial	Supporting Institutions for the Issuance of Commercial Securities	20/312/DPPK/Srt/B	05/28/2018	1	Konsultan Hukum	Law Consultant
Yusuf Wangsaredja, SH., CRA.			Lembaga Pendukung Penerbitan Surat Berharga Komersial	Supporting Institutions for the Issuance of Commercial Securities	20/314/DPPK/Srt/B	05/28/2018	1	Konsultan Hukum	Law Consultant
Hendrik Silalahi			Lembaga Pendukung Penerbitan Surat Berharga Komersial	Supporting Institutions for the Issuance of Commercial Securities	20/317/DPPK/Srt/B	05/28/2018	1	Konsultan Hukum	Law Consultant
Drs. Hartono, Ak., CPA.			Lembaga Pendukung Penerbitan Surat Berharga Komersial	Supporting Institutions for the Issuance of Commercial Securities	20/300/DPPK/Srt/B	05/28/2018	1	Akuntan Publik	Public Accountant
Drs. Sugiarto, Ak., M. Acc., MBA., CPA			Lembaga Pendukung Penerbitan Surat Berharga Komersial	Supporting Institutions for the Issuance of Commercial Securities	20/302/DPPK/Srt/B	05/28/2018	1	Akuntan Publik	Public Accountant
Abdul Khoir, SE., Ak., MSi., CPA.			Lembaga Pendukung Penerbitan Surat Berharga Komersial	Supporting Institutions for the Issuance of Commercial Securities	20/304/DPPK/Srt/B	05/28/2018	1	Akuntan Publik	Public Accountant
Wijadi, Ak., CPA.			Lembaga Pendukung Penerbitan Surat Berharga Komersial	Supporting Institutions for the Issuance of Commercial Securities	20/306/DPPK/Srt/B	05/28/2018	1	Akuntan Publik	Public Accountant
Drs. Djarwoto, Ak., CPA.			Lembaga Pendukung Penerbitan Surat Berharga Komersial	Supporting Institutions for the Issuance of Commercial Securities	20/308/DPPK/Srt/B	05/28/2018	1	Akuntan Publik	Public Accountant
Drs. Jimmy Jansen, Ak., CPA., CA.			Lembaga Pendukung Penerbitan Surat Berharga Komersial	Supporting Institutions for the Issuance of Commercial Securities	20/310/DPPK/Srt/B	05/28/2018	1	Akuntan Publik	Public Accountant
Johanna Gani			Lembaga Pendukung Penerbitan Surat Berharga Komersial	Supporting Institutions for the Issuance of Commercial Securities	20/288/DPPK/Srt/B	05/21/2018	1	Akuntan Publik	Public Accountant
V. Tagor Sidik S. Sigiro			Lembaga Pendukung Penerbitan Surat Berharga Komersial	Supporting Institutions for the Issuance of Commercial Securities	20/290/DPPK/Srt/B	05/21/2018	1	Akuntan Publik	Public Accountant
Hanny Prasetyo			Lembaga Pendukung Penerbitan Surat Berharga Komersial	Supporting Institutions for the Issuance of Commercial Securities	20/292/DPPK/Srt/B	05/21/2018	1	Akuntan Publik	Public Accountant
Renie Feriana			Lembaga Pendukung Penerbitan Surat Berharga Komersial	Supporting Institutions for the Issuance of Commercial Securities	20/294/DPPK/Srt/B	05/21/2018	1	Akuntan Publik	Public Accountant
PT Bank CIMB Niaga, Tbk.	Jakarta		Lembaga Pendukung Penatausahaan dan Penyelesaian Transaksi Surat Berharga Komersial	Supporting Institutions for Administration and Settlement of Commercial Securities Transactions	20/281/DPPK/Srt/B	05/15/2018	1		
Tjandra Putra, SE., SH., M.Kn.			Lembaga Pendukung Penerbitan Surat Berharga Komersial	Supporting Institutions for the Issuance of Commercial Securities	20/278/DPPK/Srt/B	05/11/2018	1	Konsultan Hukum	Law Consultant
PT BNI Sekuritas	Jakarta		Lembaga Pendukung Penerbitan Surat Berharga Komersial	Supporting Institutions for the Issuance of Commercial Securities	20/275/DPPK/Srt/B	05/09/2018	1	Penata Laksana	Arranger
Kevin Kogin, SH., MH., CLA., CPL., CPCLE.			Lembaga Pendukung Penerbitan Surat Berharga Komersial	Supporting Institutions for the Issuance of Commercial Securities	20/272/DPPK/Srt/B	05/08/2018	1	Konsultan Hukum	Law Consultant
PT Bank Mizuho Indonesia	Jakarta		Penerbit Sertifikat Deposito yang Ditransaksikan di Pasar Uang	Issuers of Deposit Certificates Transacted in the Money Market	20/12/KEP/KADEP.DPPK/2018	05/08/2018	1		
Melli Darsa, SH., LL.M.			Lembaga Pendukung Penerbitan Surat Berharga Komersial	Supporting Institutions for the Issuance of Commercial Securities	20/256/DPPK/Srt/B	04/27/2018	1	Konsultan Hukum	Law Consultant
Florus Daeli, SE., MM., Ak., CA., CPA.			Lembaga Pendukung Penerbitan Surat Berharga Komersial	Supporting Institutions for the Issuance of Commercial Securities	20/258/DPPK/Srt/B	04/27/2018	1	Akuntan Publik	Public Accountant
Tan Siddharta, SE., MM., Ak., CA., CPA.			Lembaga Pendukung Penerbitan Surat Berharga Komersial	Supporting Institutions for the Issuance of Commercial Securities	20/260/DPPK/Srt/B	04/27/2018	1	Akuntan Publik	Public Accountant
Drs. Sugito Wibowo, MM., Ak., CA., CPA.			Lembaga Pendukung Penerbitan Surat Berharga Komersial	Supporting Institutions for the Issuance of Commercial Securities	20/262/DPPK/Srt/B	04/27/2018	1	Akuntan Publik	Public Accountant
Desman P.L. Tobing, SE., Ak., CA., CPA.			Lembaga Pendukung Penerbitan Surat Berharga Komersial	Supporting Institutions for the Issuance of Commercial Securities	20/264/DPPK/Srt/B	04/27/2018	1	Akuntan Publik	Public Accountant
Agung Tjahjady, SH., BKP., CPA., MM.			Lembaga Pendukung Penerbitan Surat Berharga Komersial	Supporting Institutions for the Issuance of Commercial Securities	20/284/DPPK/Srt/B	04/24/2018	1	Konsultan Hukum	Law Consultant
Nur Hakim, SH., CLA., MH.			Lembaga Pendukung Penerbitan Surat Berharga Komersial	Supporting Institutions for the Issuance of Commercial Securities	20/248/DPPK/Srt/B	04/24/2018	1	Konsultan Hukum	Law Consultant
Arry Syarief Gunawam, CA., CPA.			Lembaga Pendukung Penerbitan Surat Berharga Komersial	Supporting Institutions for the Issuance of Commercial Securities	20/230/DPPK/Srt/B	04/23/2018	1	Akuntan Publik	Public Accountant
Supandi, Drs., CA., CPA.			Lembaga Pendukung Penerbitan Surat Berharga Komersial	Supporting Institutions for the Issuance of Commercial Securities	20/232/DPPK/Srt/B	04/23/2018	1	Akuntan Publik	Public Accountant
Budi Taufik Wibawa, CA., CPA.			Lembaga Pendukung Penerbitan Surat Berharga Komersial	Supporting Institutions for the Issuance of Commercial Securities	20/234/DPPK/Srt/B	04/23/2018	1	Akuntan Publik	Public Accountant
Husni Arvan, Drs. CA., CPA.			Lembaga Pendukung Penerbitan Surat Berharga Komersial	Supporting Institutions for the Issuance of Commercial Securities	20/236/DPPK/Srt/B	04/23/2018	1	Akuntan Publik	Public Accountant
PT Bank CIMB Niaga Tbk.	Jakarta		Kustodian Transaksi Sertifikat Deposito di Pasar Uang	Custodian for Deposit Certificate Transactions in the Money Market	20/11/KEP.KADEP.DPPK/2018	04/23/2018	1		
Sardjana Orba Manullang, S.H., M.H., M.Kn., Dr.			Lembaga Pendukung Penerbitan Surat Berharga Komersial	Supporting Institutions for the Issuance of Commercial Securities	20/219/DPPK/Srt/B	04/17/2018	1	Konsultan Hukum	Law Consultant
Handi Putranto Wilamarta, SH., MH., MKn., BA., MBA.			Lembaga Pendukung Penerbitan Surat Berharga Komersial	Supporting Institutions for the Issuance of Commercial Securities	20/221/DPPK/Srt/B	04/17/2018	1	Konsultan Hukum	Law Consultant
Elizabeth S. Silalahi, SH., LLM.			Lembaga Pendukung Penerbitan Surat Berharga Komersial	Supporting Institutions for the Issuance of Commercial Securities	20/205/DPPK/Srt/B	04/12/2018	1	Konsultan Hukum	Law Consultant
Syamsudin, CA., CPA., Drs.			Lembaga Pendukung Penerbitan Surat Berharga Komersial	Supporting Institutions for the Issuance of Commercial Securities	20/201/DPPK/Srt/B	04/11/2018	1	Akuntan Publik	Public Accountant
PT BNP Paribas Indonesia	Jakarta		Penerbit Sertifikat Deposito yang Ditransaksikan di Pasar Uang	Issuers of Deposit Certificates Transacted in the Money Market	20/10/KEP.KADEP.DPPK/2018	04/11/2018	1		
BNI (Persero) Tbk, PT.	Jakarta		Lembaga Pendukung Penatausahaan dan Penyelesaian Transaksi Surat Berharga Komersial	Supporting Institutions for Administration and Settlement of Commercial Securities Transactions	20/185/DPPK/Srt/B	04/05/2018	1		
G. P. Aji Wijaya, SH.			Lembaga Pendukung Penerbitan Surat Berharga Komersial	Supporting Institutions for the Issuance of Commercial Securities	20/183/DPPK/Srt/B	04/05/2018	1	Konsultan Hukum	Law Consultant
Juanita Arsyane, S.H.			Lembaga Pendukung Penerbitan Surat Berharga Komersial	Supporting Institutions for the Issuance of Commercial Securities	20/167/DPPK/Srt/B	03/26/2018	1	Konsultan Hukum	Law Consultant
Ivan Ferdiansyah Baely, SH., LLM.			Lembaga Pendukung Penerbitan Surat Berharga Komersial	Supporting Institutions for the Issuance of Commercial Securities	20/170/DPPK/Srt/B	03/26/2018	1	Konsultan Hukum	Law Consultant
Almaida Iskandar, SH.			Lembaga Pendukung Penerbitan Surat Berharga Komersial	Supporting Institutions for the Issuance of Commercial Securities	20/172/DPPK/Srt/B	03/26/2018	1	Konsultan Hukum	Law Consultant
Bing Harianto			Lembaga Pendukung Penerbitan Surat Berharga Komersial	Supporting Institutions for the Issuance of Commercial Securities	20/155/DPPK/Srt/B	03/26/2018	1	Akuntan Publik	Public Accountant
Muhammad Irfan			Lembaga Pendukung Penerbitan Surat Berharga Komersial	Supporting Institutions for the Issuance of Commercial Securities	20/159/DPPK/Srt/B	03/26/2018	1	Akuntan Publik	Public Accountant
Riniek Winarsih			Lembaga Pendukung Penerbitan Surat Berharga Komersial	Supporting Institutions for the Issuance of Commercial Securities	20/161/DPPK/Srt/B	03/26/2018	1	Akuntan Publik	Public Accountant
Ahmad Hidayat, S.H.			Lembaga Pendukung Penerbitan Surat Berharga Komersial	Supporting Institutions for the Issuance of Commercial Securities	20/144/DPPK/Srt/B	03/19/2018	1	Konsultan Hukum	Law Consultant
Kukuh Komandoko Hadiwidjojo, S.H., M.Kn.			Lembaga Pendukung Penerbitan Surat Berharga Komersial	Supporting Institutions for the Issuance of Commercial Securities	20/146/DPPK/Srt/B	03/19/2018	1	Konsultan Hukum	Law Consultant
Rr. Y. Tutiek Setia Murni, S.H., M.H.			Lembaga Pendukung Penerbitan Surat Berharga Komersial	Supporting Institutions for the Issuance of Commercial Securities	20/136/DPPK/Srt/B	03/12/2018	1	Notaris	Notary Public
PT. Bank Mandiri (Persero), Tbk.	Jakarta		Kustodian Transaksi Sertifikat Deposito di Pasar Uang	Custodian for Deposit Certificate Transactions in the Money Market	20/8/KEP.KADEP.DPPK/2018	03/12/2018	1		
PT OCBC Sekuritas Indonesia	Jakarta		Perantara Transaksi Sertifikat Deposito di Pasar Uang	Intermediary for Deposit Certificate Transactions in the Money Market	20/9/KEP.KADEP.DPPK/2018	03/06/2018	1		
PT. BJB, Tbk.	Bandung		Kustodian Transaksi Sertifikat Deposito di Pasar Uang	Custodian for Deposit Certificate Transactions in the Money Market	20/7/KEP.KADEP.DPPK/2018	03/05/2018	1		
BJB, Tbk, PT.	Bandung		Lembaga Pendukung Penatausahaan dan Penyelesaian Transaksi Surat Berharga Komersial	Supporting Institutions for Administration and Settlement of Commercial Securities Transactions	20/126/DPPK/Srt/B	03/05/2018	1		
Antonius Wahono P., S.H.			Lembaga Pendukung Penerbitan Surat Berharga Komersial	Supporting Institutions for the Issuance of Commercial Securities	20/121/DPPK/Srt/B	03/05/2018	1	Notaris	Notary Public
Agustinus Dawarja, S.H., M.H.			Lembaga Pendukung Penerbitan Surat Berharga Komersial	Supporting Institutions for the Issuance of Commercial Securities	20/123/DPPK/Srt/B	03/05/2018	1	Konsultan Hukum	Law Consultant
PT Bank UOB Indonesia	Jakarta		Kustodian Transaksi Sertifikat Deposito di Pasar Uang	Custodian for Deposit Certificate Transactions in the Money Market	20/6/KEP.KADEP.DPPK/2018	02/28/2018	1		
Tamiza Saleh, S.H.			Lembaga Pendukung Penerbitan Surat Berharga Komersial	Supporting Institutions for the Issuance of Commercial Securities	20/98/DPPK/Srt/B	02/23/2018	1	Konsultan Hukum	Law Consultant
Sriyadi, MM., CPA., BKP.			Lembaga Pendukung Penerbitan Surat Berharga Komersial	Supporting Institutions for the Issuance of Commercial Securities	20/100/DPPK/Srt/B	02/23/2018	1	Akuntan Publik	Public Accountant
Sugeng Iscahyono, M.Si., Ak., CA., CPA			Lembaga Pendukung Penerbitan Surat Berharga Komersial	Supporting Institutions for the Issuance of Commercial Securities	20/102/DPPK/Srt/B	02/23/2018	1	Akuntan Publik	Public Accountant
Defa Aulia Farhan, S.E., Ak., CA., CPA.			Lembaga Pendukung Penerbitan Surat Berharga Komersial	Supporting Institutions for the Issuance of Commercial Securities	20/104/DPPK/Srt/B	02/23/2018	1	Akuntan Publik	Public Accountant
Andy Eldes, Ak., CA., CPA.			Lembaga Pendukung Penerbitan Surat Berharga Komersial	Supporting Institutions for the Issuance of Commercial Securities	20/106/DPPK/Srt/B	02/23/2018	1	Akuntan Publik	Public Accountant
Aris Suryanata, Ak., CPA., CA.			Lembaga Pendukung Penerbitan Surat Berharga Komersial	Supporting Institutions for the Issuance of Commercial Securities	20/108/DPPK/Srt/B	02/23/2018	1	Akuntan Publik	Public Accountant
Suhartono, MPA., Ak., CA., CPA.			Lembaga Pendukung Penerbitan Surat Berharga Komersial	Supporting Institutions for the Issuance of Commercial Securities	20/110/DPPK/Srt/B	02/23/2018	1	Akuntan Publik	Public Accountant
Achmad Khadafi Munir, S.H., M.H.			Lembaga Pendukung Penerbitan Surat Berharga Komersial	Supporting Institutions for the Issuance of Commercial Securities	20/90/DPPK/Srt/B	02/21/2018	1	Konsultan Hukum	Law Consultant
Hafzan Taher, S.H.			Lembaga Pendukung Penerbitan Surat Berharga Komersial	Supporting Institutions for the Issuance of Commercial Securities	20/85/DPPK/Srt/B	02/19/2018	1	Konsultan Hukum	Law Consultant
Emalia Achmadi, S.H.			Lembaga Pendukung Penerbitan Surat Berharga Komersial	Supporting Institutions for the Issuance of Commercial Securities	20/87/DPPK/Srt/B	02/19/2018	1	Konsultan Hukum	Law Consultant
Mutiara Rengganis, S.H.			Lembaga Pendukung Penerbitan Surat Berharga Komersial	Supporting Institutions for the Issuance of Commercial Securities	20/75/DPPK/Srt/B	02/13/2018	1	Konsultan Hukum	Law Consultant
Rahmat S. S. Soemadipradja, S.H. LL.M.			Lembaga Pendukung Penerbitan Surat Berharga Komersial	Supporting Institutions for the Issuance of Commercial Securities	20/77/DPPK/Srt/B	02/13/2018	1	Konsultan Hukum	Law Consultant
Sri Widyawati , S.H.			Lembaga Pendukung Penerbitan Surat Berharga Komersial	Supporting Institutions for the Issuance of Commercial Securities	20/73/DPPK/Srt/B	02/13/2018	1	Notaris	Notary Public
Trimegah Sekuritas Indonesia Tbk, PT.	Jakarta		Lembaga Pendukung Penatausahaan dan Penyelesaian Transaksi Surat Berharga Komersial	Supporting Institutions for Administration and Settlement of Commercial Securities Transactions	20/79/DPPK/Srt/B	02/13/2018	1		
PT BPD SULSELBAR	Makassar		Penerbit Sertifikat Deposito yang Ditransaksikan di Pasar Uang	Issuers of Deposit Certificates Transacted in the Money Market	20/5/KEP.KADEP.DPPK/2018	02/13/2018	1		
PT Trimegah Sekuritas Indonesia Tbk.	Jakarta		Lembaga Pendukung Transaksi Surat Berharga Komersial	Supporting Institutions for Commercial Securities Transactions	20/69/DPPK/Srt/B	02/06/2018	1		
Bank Maybank Indonesia, PT	Jakarta		Lembaga Pendukung Penatausahaan dan Penyelesaian Transaksi Surat Berharga Komersial	Supporting Institutions for Administration and Settlement of Commercial Securities Transactions	20/66/DPPK/Srt/B	02/06/2018	1		
PT. BCA Sekuritas	Jakarta		Kustodian Transaksi Sertifikat Deposito di Pasar Uang	Custodian for Deposit Certificate Transactions in the Money Market	20/4/KEP.KADEP.DPPK/2018	02/06/2018	1		
PT Bank Danamon Indonesia	Jakarta		Kustodian Transaksi Sertifikat Deposito di Pasar Uang	Custodian for Deposit Certificate Transactions in the Money Market	20/1/KEP.KADEP.DPPK/2018	01/31/2018	1		
PT. Trimegah Sekuritas Indonesia Tbk	Jakarta		Kustodian Transaksi Sertifikat Deposito di Pasar Uang	Custodian for Deposit Certificate Transactions in the Money Market	20/3/KEP.KADEP.DPPK/2018	01/31/2018	1		
PT. Trimegah Sekuritas Indonesia Tbk	Jakarta		Perantara Transaksi Sertifikat Deposito di Pasar Uang	Intermediary for Deposit Certificate Transactions in the Money Market	20/2/KEP.KADEP.DPPK/2018	01/31/2018	1		
M. Arie Armand S.H., LL.M.			Lembaga Pendukung Penerbitan Surat Berharga Komersial	Supporting Institutions for the Issuance of Commercial Securities	20/51/DPPK/Srt/B	01/31/2018	1	Konsultan Hukum	Law Consultant
Wemmy Muharamsyah, S.H., LL.M., M.L.E.			Lembaga Pendukung Penerbitan Surat Berharga Komersial	Supporting Institutions for the Issuance of Commercial Securities	20/53/DPPK/Srt/B	01/31/2018	1	Konsultan Hukum	Law Consultant
Leoni Golda Indira Silitonga, S.H.			Lembaga Pendukung Penerbitan Surat Berharga Komersial	Supporting Institutions for the Issuance of Commercial Securities	20/55/DPPK/Srt/B	01/31/2018	1	Konsultan Hukum	Law Consultant
Ary Zulfikar, S.H., M.H.			Lembaga Pendukung Penerbitan Surat Berharga Komersial	Supporting Institutions for the Issuance of Commercial Securities	20/59/DPPK/Srt/B	01/31/2018	1	Konsultan Hukum	Law Consultant
Endang Setyowati, S.H., M.H.			Lembaga Pendukung Penerbitan Surat Berharga Komersial	Supporting Institutions for the Issuance of Commercial Securities	20/61/DPPK/Srt/B	01/31/2018	1	Konsultan Hukum	Law Consultant
Dr. M. Achsin, S.E., S.H., M.M., Ak., CPA			Lembaga Pendukung Penerbitan Surat Berharga Komersial	Supporting Institutions for the Issuance of Commercial Securities	20/49/DPPK/Srt/B	01/31/2018	1	Akuntan Publik	Public Accountant
Handoko Tomo			Lembaga Pendukung Penerbitan Surat Berharga Komersial	Supporting Institutions for the Issuance of Commercial Securities	20/46/DPPK/Srt/B	01/25/2018	1	Akuntan Publik	Public Accountant
Cornelius Beny Juniarto, S.H.			Lembaga Pendukung Penerbitan Surat Berharga Komersial	Supporting Institutions for the Issuance of Commercial Securities	20/38/DPPK/Srt/B	01/24/2018	1	Konsultan Hukum	Law Consultant
Irawati Hermawan, S. H., M.H.			Lembaga Pendukung Penerbitan Surat Berharga Komersial	Supporting Institutions for the Issuance of Commercial Securities	20/40/DPPK/Srt/B	01/24/2018	1	Konsultan Hukum	Law Consultant
Trimegah Sekuritas Indonesia Tbk, PT.	Jakarta		Lembaga Pendukung Penerbitan Surat Berharga Komersial	Supporting Institutions for the Issuance of Commercial Securities	20/42/DPPK/Srt/B	01/24/2018	1	Penata Laksana	Arranger
Dr. Cecilia T. A. Sianawati, S.H., M.A.			Lembaga Pendukung Penerbitan Surat Berharga Komersial	Supporting Institutions for the Issuance of Commercial Securities	20/31/DPPK/Srt/B	01/23/2018	1	Konsultan Hukum	Law Consultant
Bank Danamon Tbk., PT	Jakarta		Lembaga Pendukung Penatausahaan dan Penyelesaian Transaksi Surat Berharga Komersial	Supporting Institutions for Administration and Settlement of Commercial Securities Transactions	20/33/DPPK/Srt/B	01/23/2018	1		
BNI Sekuritas, PT	Jakarta		Lembaga Pendukung Penatausahaan dan Penyelesaian Transaksi Surat Berharga Komersial	Supporting Institutions for Administration and Settlement of Commercial Securities Transactions	20/26/DPPK/Srt/B	01/19/2018	1		
J. Masniari Sitompul, S.H.			Lembaga Pendukung Penerbitan Surat Berharga Komersial	Supporting Institutions for the Issuance of Commercial Securities	20/17/DPPK/Srt/B	01/18/2018	1	Konsultan Hukum	Law Consultant
Jennifer B. Tumbuan, S.H., LL.M.			Lembaga Pendukung Penerbitan Surat Berharga Komersial	Supporting Institutions for the Issuance of Commercial Securities	20/19/DPPK/Srt/B	01/18/2018	1	Konsultan Hukum	Law Consultant
Adrianus Ardianto, S.H.			Lembaga Pendukung Penerbitan Surat Berharga Komersial	Supporting Institutions for the Issuance of Commercial Securities	20/21/DPPK/Srt/B	01/18/2018	1	Konsultan Hukum	Law Consultant
PT BPD KALTIM-KALTARA	Samarinda		Penerbit Sertifikat Deposito yang Ditransaksikan di Pasar Uang	Issuers of Deposit Certificates Transacted in the Money Market	21/4/KEP.KADEP.DPPK/2019	01/17/2018	1		
Harry Firdaus Simanjuntak, S.H.			Lembaga Pendukung Penerbitan Surat Berharga Komersial	Supporting Institutions for the Issuance of Commercial Securities	20/24/DPPK/Srt/B	01/16/2018	1	Konsultan Hukum	Law Consultant
Agus Soetopo, S.H., M.H.			Lembaga Pendukung Penerbitan Surat Berharga Komersial	Supporting Institutions for the Issuance of Commercial Securities	20/12/DPPK/Srt/B	01/16/2018	1	Konsultan Hukum	Law Consultant
PT BNI Sekuritas	Jakarta		Lembaga Pendukung Transaksi Surat Berharga Komersial	Supporting Institutions for Commercial Securities Transactions	20/4/DPPK/Srt/B	01/10/2018	1		
Bank HSBC Indonesia, PT	Jakarta		Lembaga Pendukung Penatausahaan dan Penyelesaian Transaksi Surat Berharga Komersial	Supporting Institutions for Administration and Settlement of Commercial Securities Transactions	19/395/DPPK/Srt/B	12/29/2017	1		
Drs. Tjahjo Nurwantoro, CPA., CA.			Lembaga Pendukung Penerbitan Surat Berharga Komersial	Supporting Institutions for the Issuance of Commercial Securities	19/397/DPPK/Srt/B	12/29/2017	1	Akuntan Publik	Public Accountant
Lenny Janis Ishak, SH			Lembaga Pendukung Penerbitan Surat Berharga Komersial	Supporting Institutions for the Issuance of Commercial Securities	19/390/DPPK/Srt/B	12/27/2017	1	Notaris	Notary Public
Devi Yunanda, SH, MKn			Lembaga Pendukung Penerbitan Surat Berharga Komersial	Supporting Institutions for the Issuance of Commercial Securities	19/392/DPPK/Srt/B	12/27/2017	1	Notaris	Notary Public
Citibank N.A. Indonesia	Jakarta		Lembaga Pendukung Penatausahaan dan Penyelesaian Transaksi Surat Berharga Komersial	Supporting Institutions for Administration and Settlement of Commercial Securities Transactions	19/387/DPPK/Srt/B	12/22/2017	1		
PT Bank Mega Tbk.	Jakarta		Kustodian Transaksi Sertifikat Deposito di Pasar Uang	Custodian for Deposit Certificate Transactions in the Money Market	19/43/KEP.KADEP.DPPK/2017	12/22/2017	1		
Kanon Armiyanto, S.H., M.H.			Lembaga Pendukung Penerbitan Surat Berharga Komersial	Supporting Institutions for the Issuance of Commercial Securities	19/384/DPPK/Srt/B	12/21/2017	1	Konsultan Hukum	Law Consultant
Peringkat Efek Indonesia, PT.	Jakarta		Lembaga Pendukung Penerbitan Surat Berharga Komersial	Supporting Institutions for the Issuance of Commercial Securities	20/175/DPPK/Srt/B	12/05/2017	1	Lembaga Pemeringkat	Rating Agency
PT Bank HSBC Indonesia	Jakarta		Kustodian Transaksi Sertifikat Deposito di Pasar Uang	Custodian for Deposit Certificate Transactions in the Money Market	19/40/KEP.KADEP.DPPK/2017	11/21/2017	1		
PT Mandiri Taspen Pos	Jakarta		Penerbit Sertifikat Deposito yang Ditransaksikan di Pasar Uang	Issuers of Deposit Certificates Transacted in the Money Market	19/41/KEP.KADEP.DPPK/2017	11/11/2017	1		
PT Bank Rabobank Internasional Indonesia	Jakarta		Penerbit Sertifikat Deposito yang Ditransaksikan di Pasar Uang	Issuers of Deposit Certificates Transacted in the Money Market	19/42/KEP.KADEP.DPPK/2017	11/11/2017	1		
PT Bank DBS Indonesia	Jakarta		Penerbit Sertifikat Deposito yang Ditransaksikan di Pasar Uang	Issuers of Deposit Certificates Transacted in the Money Market	19/38/KEP.KADEP.DPPK/2017	10/31/2017	1		
PT Bank Permata Tbk.	Jakarta		Kustodian Transaksi Sertifikat Deposito di Pasar Uang	Custodian for Deposit Certificate Transactions in the Money Market	19/37/KEP.KADEP.DPPK/2017	10/31/2017	1		
PT Mandiri Sekuritas	Jakarta		Kustodian Transaksi Sertifikat Deposito di Pasar Uang	Custodian for Deposit Certificate Transactions in the Money Market	19/39/KEP.KADEP.DPPK/2017	10/31/2017	1		
Abadi Tisnadisastra, S.H., LL.M.			Lembaga Pendukung Penerbitan Surat Berharga Komersial	Supporting Institutions for the Issuance of Commercial Securities	19/294/DPPK/Srt/B	10/31/2017	1	Konsultan Hukum	Law Consultant
Mohamad Kadri, S.H.			Lembaga Pendukung Penerbitan Surat Berharga Komersial	Supporting Institutions for the Issuance of Commercial Securities	19/296/DPPK/Srt/B	10/31/2017	1	Konsultan Hukum	Law Consultant
PT Mandiri Sekuritas	Jakarta		Perantara Transaksi Sertifikat Deposito di Pasar Uang	Intermediary for Deposit Certificate Transactions in the Money Market	19/36/KEP.KADEP.DPPK/2017	10/23/2017	1		
PT Bank Woori Saudara	Jakarta		Penerbit Sertifikat Deposito yang Ditransaksikan di Pasar Uang	Issuers of Deposit Certificates Transacted in the Money Market	19/35/KEP.KADEP.DPPK/2017	10/23/2017	1		
Standard Chartered Bank Indonesia	Jakarta		Kustodian Transaksi Sertifikat Deposito di Pasar Uang	Custodian for Deposit Certificate Transactions in the Money Market	19/34/KEP.KADEP.DPPK/2017	10/19/2017	1		
Standard Chartered Bank N.A., Indonesia	Jakarta		Lembaga Pendukung Penatausahaan dan Penyelesaian Transaksi Surat Berharga Komersial	Supporting Institutions for Administration and Settlement of Commercial Securities Transactions	19/273/DPPK/Srt/B	10/18/2017	1		
PT Bank Pembangunan Daerah NTT	Kupang		Penerbit Sertifikat Deposito yang Ditransaksikan di Pasar Uang	Issuers of Deposit Certificates Transacted in the Money Market	19/33/KEP.KADEP.DPPK/2017	10/16/2017	1		
PT Bank Maybank Indonesia	Jakarta		Penerbit Sertifikat Deposito yang Ditransaksikan di Pasar Uang	Issuers of Deposit Certificates Transacted in the Money Market	19/31/KEP.KADEP.DPPK/2017	10/03/2017	1		
PT Bank Maybank Indonesia	Jakarta		Kustodian Transaksi Sertifikat Deposito di Pasar Uang	Custodian for Deposit Certificate Transactions in the Money Market	19/32/KEP.KADEP.DPPK/2017	10/03/2017	1		
PT Nusantara Mahabakti	Jakarta		Perantara Transaksi Sertifikat Deposito di Pasar Uang	Intermediary for Deposit Certificate Transactions in the Money Market	19/30/KEP.KADEP.DPPK/2017	09/25/2017	1		
PT DBS Vickers Indonesia	Jakarta		Perantara Transaksi Sertifikat Deposito di Pasar Uang	Intermediary for Deposit Certificate Transactions in the Money Market	19/29/KEP.KADEP.DPPK/2017	09/22/2017	1		
PT Mirae Asset Sekuritas Indonesia	Jakarta		Kustodian Transaksi Sertifikat Deposito di Pasar Uang	Custodian for Deposit Certificate Transactions in the Money Market	19/28/KEP.KADEP.DPPK/2017	09/12/2017	1		
PT Mirae Asset Sekuritas Indonesia	Jakarta		Perantara Transaksi Sertifikat Deposito di Pasar Uang	Intermediary for Deposit Certificate Transactions in the Money Market	19/25/KEP.KADEP.DPPK/2017	09/07/2017	1		
PT Amstel Indonesia	Jakarta		Perantara Transaksi Sertifikat Deposito di Pasar Uang	Intermediary for Deposit Certificate Transactions in the Money Market	19/26/KEP.KADEP.DPPK/2017	09/07/2017	1		
PT Inti Tullett Prebon Indonesia	Jakarta		Perantara Transaksi Sertifikat Deposito di Pasar Uang	Intermediary for Deposit Certificate Transactions in the Money Market	19/27/KEP.KADEP.DPPK/2017	09/07/2017	1		
PT BCA Sekuritas	Jakarta		Perantara Transaksi Sertifikat Deposito di Pasar Uang	Intermediary for Deposit Certificate Transactions in the Money Market	19/24/KEP.KADEP.DPPK/2017	08/28/2017	1		
PT BNI Sekuritas	Jakarta		Perantara Transaksi Sertifikat Deposito di Pasar Uang	Intermediary for Deposit Certificate Transactions in the Money Market	19/19/KEP.KADEP.DPPK/2017	08/24/2017	1		
PT. Binaartha Sekuritas	Jakarta		Perantara Transaksi Sertifikat Deposito di Pasar Uang	Intermediary for Deposit Certificate Transactions in the Money Market	19/20/KEP.KADEP.DPPK/2017	08/24/2017	1		
PT BNI Sekuritas	Jakarta		Kustodian Transaksi Sertifikat Deposito di Pasar Uang	Custodian for Deposit Certificate Transactions in the Money Market	19/23/KEP.KADEP.DPPK/2017	08/24/2017	1		
PT Bank of Tokyo-Mitsubishi UFJ, Ltd.	Jakarta		Penerbit Sertifikat Deposito yang Ditransaksikan di Pasar Uang	Issuers of Deposit Certificates Transacted in the Money Market	19/18/KEP.KADEP.DPPK/2017	08/24/2017	1		
PT Bank Sumitomo Mitsui Indonesia	Jakarta		Penerbit Sertifikat Deposito yang Ditransaksikan di Pasar Uang	Issuers of Deposit Certificates Transacted in the Money Market	19/21/KEP.KADEP.DPPK/2017	08/24/2017	1		
PT Bank Tabungan Negara (Persero), Tbk.	Jakarta		Penerbit Sertifikat Deposito yang Ditransaksikan di Pasar Uang	Issuers of Deposit Certificates Transacted in the Money Market	19/22/KEP.KADEP.DPPK/2017	08/24/2017	1		
Lembaga Sertifikasi Profesi Perbankan (LSPP)			Lembaga Sertifikasi Profesi yang Diakui Bank Indonesia	Professional Certification Institution Approved by Bank Indonesia	19/1/KEP.ADG/2017	08/14/2017	1		
PT Indo Premier Sekuritas	Jakarta		Kustodian Transaksi Sertifikat Deposito di Pasar Uang	Custodian for Deposit Certificate Transactions in the Money Market	19/15/KEP.KADEP.DPPK/2017	08/14/2017	1		
PT Pilar Dana	Jakarta		Perantara Transaksi Sertifikat Deposito di Pasar Uang	Intermediary for Deposit Certificate Transactions in the Money Market	19/14/KEP.KADEP.DPPK/2017	08/14/2017	1		
PT Global Sarana Lintas Artha	Jakarta		Perantara Transaksi Sertifikat Deposito di Pasar Uang	Intermediary for Deposit Certificate Transactions in the Money Market	19/16/KEP.KADEP.DPPK/2017	08/14/2017	1		
PT Bimasena Artha Internasional	Jakarta		Perantara Transaksi Sertifikat Deposito di Pasar Uang	Intermediary for Deposit Certificate Transactions in the Money Market	19/17/KEP.KADEP.DPPK/2017	08/14/2017	1		
PT ICAP Indonesia	Jakarta		Perantara Transaksi Sertifikat Deposito di Pasar Uang	Intermediary for Deposit Certificate Transactions in the Money Market	19/12/KEP.KADEP.DPPK/2017	08/11/2017	0		
PT Bank Central Asia, Tbk.	Jakarta		Kustodian Transaksi Sertifikat Deposito di Pasar Uang	Custodian for Deposit Certificate Transactions in the Money Market	19/13/KEP.KADEP.DPPK/2017	08/11/2017	1		
PT Bank CIMB Niaga, Tbk.	Jakarta		Penerbit Sertifikat Deposito yang Ditransaksikan di Pasar Uang	Issuers of Deposit Certificates Transacted in the Money Market	19/11/KEP.KADEP.DPPK/2017	08/11/2017	1		
PT BPD Jawa Barat dan Banten, Tbk.	Bandung		Penerbit Sertifikat Deposito yang Ditransaksikan di Pasar Uang	Issuers of Deposit Certificates Transacted in the Money Market	19/10/KEP.KADEP.DPPK/2017	08/07/2017	1		
PT EXCO Nusantara Indonesia	Jakarta		Perantara Transaksi Sertifikat Deposito di Pasar Uang	Intermediary for Deposit Certificate Transactions in the Money Market	19/9/KEP.KADEP.DPPK/2017	08/02/2017	1		
PT Tradition Indonesia	Jakarta		Perantara Transaksi Sertifikat Deposito di Pasar Uang	Intermediary for Deposit Certificate Transactions in the Money Market	19/7/KEP.KADEP.DPPK/2017	08/01/2017	1		
PT RHB Sekuritas Indonesia	Jakarta		Perantara Transaksi Sertifikat Deposito di Pasar Uang	Intermediary for Deposit Certificate Transactions in the Money Market	19/8/KEP.KADEP.DPPK/2017	08/01/2017	1		
PT Bank KEB Hana Indonesia	Jakarta		Penerbit Sertifikat Deposito yang Ditransaksikan di Pasar Uang	Issuers of Deposit Certificates Transacted in the Money Market	19/5/KEP.KADEP.DPPK/2017	07/31/2017	1		
PT Bank Commonwealth	Jakarta		Penerbit Sertifikat Deposito yang Ditransaksikan di Pasar Uang	Issuers of Deposit Certificates Transacted in the Money Market	19/6/KEP.KADEP.DPPK/2017	07/31/2017	1		
PT Danareksa Sekuritas	Jakarta		Perantara Transaksi Sertifikat Deposito di Pasar Uang	Intermediary for Deposit Certificate Transactions in the Money Market	19/1/KEP.KADEP.DPPK/2017	07/24/2017	1		
PT Indo Premier Sekuritas	Jakarta		Perantara Transaksi Sertifikat Deposito di Pasar Uang	Intermediary for Deposit Certificate Transactions in the Money Market	19/2/KEP.KADEP.DPPK/2017	07/24/2017	1		
PT CIMB Sekuritas Indonesia	Jakarta		Perantara Transaksi Sertifikat Deposito di Pasar Uang	Intermediary for Deposit Certificate Transactions in the Money Market	19/4/KEP.KADEP.DPPK/2017	07/24/2017	1		
Citibank N.A. Indonesia	Jakarta		Kustodian Transaksi Sertifikat Deposito di Pasar Uang	Custodian for Deposit Certificate Transactions in the Money Market	19/3/KEP.KADEP.DPPK/2017	07/24/2017	1		
PT Amstel Indonesia	Jakarta		Pialang Pasar Uang Rupiah dan Pasar Valas	Rupiah and Foreign Exchange Market Brokers	11/1/DpG/DPD	01/21/2009	1		
PT Pilar Dana	Jakarta		Pialang Pasar Uang Rupiah dan Pasar Valas	Rupiah and Foreign Exchange Market Brokers	9/75/DpG/DPD	05/14/2007	1		
PT Global Sarana Lintas Artha	Jakarta		Pialang Pasar Uang Rupiah dan Pasar Valas	Rupiah and Foreign Exchange Market Brokers	4/71/DPD	05/24/2002	1		
PT Bimasena Artha Internasional	Jakarta		Pialang Pasar Uang Rupiah dan Pasar Valas	Rupiah and Foreign Exchange Market Brokers	25/51/KEP/DIR	07/31/1992	1		
PT Tradition Indonesia 	Jakarta		Pialang Pasar Uang Rupiah dan Pasar Valas	Rupiah and Foreign Exchange Market Brokers	25/50/KEP/DIR	07/30/1992	1		
PT Exco Nusantara Indonesia	Jakarta		Pialang Pasar Uang Rupiah dan Pasar Valas	Rupiah and Foreign Exchange Market Brokers	25/39/KEP/DIR	07/08/1992	1		
PT Inti Tullett Pribon	Jakarta		Pialang Pasar Uang Rupiah dan Pasar Valas	Rupiah and Foreign Exchange Market Brokers	25/36/KEP/DIR	07/06/1992	1		
PT Nusantara Mahabakti	Jakarta		Pialang Pasar Uang Rupiah dan Pasar Valas	Rupiah and Foreign Exchange Market Brokers	25/30/KEP/DIR	06/26/1992	1		
