penerbit,no_anggota,wilayah,tahun_masuk,anggota_luar_biasa
Boebon Jaya,001/DIA/96,DI Aceh,1996,0
Citra Karya,002/DIA/92,DI Aceh,1992,0
Dominan,003/DIA/99,DI Aceh,1999,0
Pustaka Tunggal,004/DIA/98,DI Aceh,1998,0
Pena,005/DIA/03,DI Aceh,2003,0
Ar-Rijal Institute,006/DIA/08,DI Aceh,2008,0
Ar Raniry Press,007/DIA/08,DI Aceh,2008,0
Yayasan Adnin (Adnin Foundation),008/DIA/09,DI Aceh,2009,0
Lembaga Swadaya Masyarakat LAPENA,009/DIA/09,DI Aceh,2009,0
Al Washliyah University Press (AUP),010/DIA/09,DI Aceh,2009,0
LKAS (Lembaga Kajian Agama dan Sosial) Banda Aceh,011/DIA/2010,DI Aceh,2010,0
BPNB Banda Aceh Press,012/DIA/2013,DI Aceh,2013,0
Lembaga Penerbitan Balai Bahasa Banda Aceh,013/DIA/2013,DI Aceh,2013,0
Lembaga Naskah Aceh (NASA),014/DIA/2013,DI Aceh,2013,0
Lembaga Studi Agama dan Masyarakat (LSAMA),015/DIA/2014,DI Aceh,2014,0
Pusat Dokumentasi Dan Informasi Aceh (PDIA),016/DIA/2014,DI Aceh,2014,0
Gema Aneuk Muda Nanggroe Aceh (GAMNA),016/DIA/2014,DI Aceh,2014,0
Syiah Kuala University Press,018/DIA/2014,DI Aceh,2014,0
Bandar Publishing,019/DIA/2017,DI Aceh,2017,0
Afini Jaya Pustaka,001/DKI/87,DKI Jakarta,1987,0
Akademika Pressindo,002/DKI/85,DKI Jakarta,1985,0
Al Husna Zikra,003/DKI/79,DKI Jakarta,1979,0
Al Mawardi Prima,004/DKI/96,DKI Jakarta,1996,0
Alfonso Pratama,005/DKI/01,DKI Jakarta,2001,0
Amalia,006/DKI/79,DKI Jakarta,1979,0
Anas Jaya,007/DKI/94,DKI Jakarta,1994,0
Anugrah Jaya,008/DKI/94,DKI Jakarta,1994,0
Ahsana Indah Kitaba,009/DKI/87,DKI Jakarta,1987,0
Asdi Mahasatya,010/DKI/00,DKI Jakarta,2000,0
Aya Media Pustaka,011/DKI/85,DKI Jakarta,1985,0
Balai Aksara,012/DKI/82,DKI Jakarta,1982,0
Balai Pustaka,013/DKI/79,DKI Jakarta,1979,0
Benua Intan Berlian,014/DKI/00,DKI Jakarta,2000,0
Brata Aksara Media,015/DKI/82,DKI Jakarta,1982,0
Bina Rena Pariwara,016/DKI/90,DKI Jakarta,1990,0
Buana Swarakita Senada,017/DKI/99,DKI Jakarta,1999,0
Bulan Bintang,018/DKI/86,DKI Jakarta,1986,0
Bumi Aksara,019/DKI/90,DKI Jakarta,1990,0
Bumi Pertiwi,020/DKI/95,DKI Jakarta,1995,0
Cakra Media,021/DKI/97,DKI Jakarta,1997,0
Candi Cipta Paramuda,022/DKI/94,DKI Jakarta,1994,0
Cendekia Sentra Muslim,023/DKI/01,DKI Jakarta,2001,0
Cileles Jaya,024/DKI/92,DKI Jakarta,1992,0
Cita Putra Bangsa,025/DKI/95,DKI Jakarta,1995,0
Defiana Jaya Lestari,026/DKI/94,DKI Jakarta,1994,0
Demina Prima Desain,027/DKI/93,DKI Jakarta,1993,0
Dian Ariesta,028/DKI/00,DKI Jakarta,2000,0
Dinastindo Adiperkasa Internasional,029/DKI/92,DKI Jakarta,1992,0
Diprotama Selaras,030/DKI/01,DKI Jakarta,2001,0
Djambatan,031/DKI/66,DKI Jakarta,1966,0
Dwi Segara,033/DKI/83,DKI Jakarta,1983,0
EGC,034/DKI/83,DKI Jakarta,1983,0
Elex Media Komputindo,035/DKI/87,DKI Jakarta,1987,0
Empiris Media Lugas,036/DKI/98,DKI Jakarta,1998,0
Enrique Indonesia,037/DKI/00,DKI Jakarta,2000,0
Penerbit Erlangga Mahameru,038/DKI/87,DKI Jakarta,1987,0
Fikahati Aneska,039/DKI/91,DKI Jakarta,1991,0
Gakushudo,040/DKI/92,DKI Jakarta,1992,0
Galaxy Puspa Mega,041/DKI/94,DKI Jakarta,1994,0
Gaya Media Pratama,042/DKI/95,DKI Jakarta,1995,0
Gema Insani Press,043/DKI/84,DKI Jakarta,1984,0
Gemawindu Panca Perkasa,044/DKI/97,DKI Jakarta,1997,0
Ghalia Indonesia,045/DKI/82,DKI Jakarta,1982,0
Golden Trayon Press,046/DKI/85,DKI Jakarta,1985,0
Gramedia Pustaka Utama,047/DKI/74,DKI Jakarta,1974,0
Gramedia Widiasarana Indonesia,048/DKI/91,DKI Jakarta,1991,0
Gunung Jati,049/DKI/93,DKI Jakarta,1993,0
Gunung Mulia BPK,050/DKI/74,DKI Jakarta,1974,0
Hanuman Sakti,051/DKI/00,DKI Jakarta,2000,0
Harvest Publication House,052/DKI/97,DKI Jakarta,1997,0
Hidakarya Agung,053/DKI/74,DKI Jakarta,1974,0
Idayus,054/DKI/80,DKI Jakarta,1980,0
Immanuel (Yayasan Pekabaran Injil),055/DKI/90,DKI Jakarta,1990,0
Info Bank ( Infoarta Pratama ),056/DKI/93,DKI Jakarta,1993,0
Intermasa,057/DKI/90,DKI Jakarta,1990,0
Inti Buku Utama,058/DKI/94,DKI Jakarta,1994,0
Intimedia Ciptanusantara,059/DKI/97,DKI Jakarta,1997,0
IPA Abong,060/DKI/01,DKI Jakarta,2001,0
Jenar Melati Wangi,061/DKI/92,DKI Jakarta,1992,0
Karya Indah,062/DKI/79,DKI Jakarta,1979,0
Katalis Mitra Plaosan,063/DKI/82,DKI Jakarta,1982,0
Kesaint Blanc Indah,064/DKI/86,DKI Jakarta,1986,0
Komunikasi Bina Kasih,066/DKI/96,DKI Jakarta,1996,0
Lembaga Alkitab Indonesia,067/DKI/97,DKI Jakarta,1997,0
Lentera,068/DKI/95,DKI Jakarta,1995,0
Lider,069/DKI/00,DKI Jakarta,2000,0
Logos Wacana Ilmu,070/DKI/97,DKI Jakarta,1997,0
Mahkota,071/DKI/90,DKI Jakarta,1990,0
Margi Wahyu,072/DKI/00,DKI Jakarta,2000,0
Media Buana Indonesia,073/DKI/95,DKI Jakarta,1995,0
Media Da'wah,074/DKI/88,DKI Jakarta,1988,0
Mega Media Abadi,075/DKI/86,DKI Jakarta,1986,0
Metropos,076/DKI/95,DKI Jakarta,1995,0
Mitra Info,077/DKI/96,DKI Jakarta,1996,0
Musika,078/DKI/88,DKI Jakarta,1988,0
Mutiara Sumber Widya,079/DKI/88,DKI Jakarta,1988,0
Nisata Mitra Sejati,080/DKI/95,DKI Jakarta,1995,0
Novindo Pustaka Mandiri,081/DKI/96,DKI Jakarta,1996,0
Pustaka Obor Indonesia,082/DKI/88,DKI Jakarta,1988,0
Obor,083/DKI/95,DKI Jakarta,1995,0
Papas Sinar Sinanti,084/DKI/00,DKI Jakarta,2000,0
Paramadina,085/DKI/99,DKI Jakarta,1999,0
Pelita Indonesia,086/DKI/85,DKI Jakarta,1985,0
Penebar Swadaya,087/DKI/81,DKI Jakarta,1981,0
Permata Artistika Kreasi,088/DKI/00,DKI Jakarta,2000,0
Persatuan Ananda Marga Indonesia,089/DKI/91,DKI Jakarta,1991,0
Persekutuan Pembaca Alkitab,090/DKI/94,DKI Jakarta,1994,0
Persona Prajapurna,091/DKI/94,DKI Jakarta,1994,0
Perca,092/DKI/95,DKI Jakarta,1995,0
Pradnya Paramita (Persero),093/DKI/68,DKI Jakarta,1968,0
Penerbitan Sarana Bobo,094/DKI/68,DKI Jakarta,1968,0
Pusat Profil & Biografi Indonesia,095/DKI/00,DKI Jakarta,2000,0
Pustaka Al Kautsar,096/DKI/94,DKI Jakarta,1994,0
Pustaka Antara,097/DKI/86,DKI Jakarta,1986,0
Pustaka Alvabet,098/DKI/00,DKI Jakarta,2000,0
Pustaka Binaman Pressindo,099/DKI/83,DKI Jakarta,1983,0
Pustaka Cidesindo,100/DKI/96,DKI Jakarta,1996,0
Pustaka Firdaus,101/DKI/85,DKI Jakarta,1985,0
Pustaka LP3ES Indonesia,102/DKI/76,DKI Jakarta,1976,0
Pustaka Panjimas,103/DKI/88,DKI Jakarta,1988,0
Pustaka Pembangunan Swadaya Nusantara,104/DKI/92,DKI Jakarta,1992,0
Pustaka Sinar Harapan,105/DKI/81,DKI Jakarta,1981,0
Pustaka Utama Grafiti,106/DKI/88,DKI Jakarta,1988,0
Pustaka Warga Negara,107/DKI/83,DKI Jakarta,1983,0
Pustaka Widya Utama,108/DKI/95,DKI Jakarta,1995,0
Raja Grafindo Persada,109/DKI/88,DKI Jakarta,1988,0
Rakaditu,110/DKI/81,DKI Jakarta,1981,0
Restu Agung,111/DKI/97,DKI Jakarta,1997,0
Rineka Cipta,112/DKI/90,DKI Jakarta,1990,0
Robbani Press,113/DKI/00,DKI Jakarta,2000,0
Roda Pengetahuan,114/DKI/94,DKI Jakarta,1994,0
Ruhama,115/DKI/94,DKI Jakarta,1994,0
Safir Alam,116/DKI/83,DKI Jakarta,1983,0
Salemba Empat,117/DKI/83,DKI Jakarta,1983,0
Serambi Ilmu Semesta,118/DKI/01,DKI Jakarta,2001,0
Simplex,119/DKI/85,DKI Jakarta,1985,0
Sinar Grafika,120/DKI/93,DKI Jakarta,1993,0
Srikandi Megahpratama,121/DKI/94,DKI Jakarta,1994,0
Suara Baru Jakarta,122/DKI/96,DKI Jakarta,1996,0
Sumber Harapan,123/DKI/01,DKI Jakarta,2001,0
Swakarya,124/DKI/94,DKI Jakarta,1994,0
Tarity Samudra Berlian,125/DKI/01,DKI Jakarta,2001,0
Tatanusa,126/DKI/99,DKI Jakarta,1999,0
Tema Baru,127/DKI/00,DKI Jakarta,2000,0
Tintamas Indonesia,128/DKI/83,DKI Jakarta,1983,0
Tira Pustaka,129/DKI/81,DKI Jakarta,1981,0
Toko Gunung Agung,130/DKI/99,DKI Jakarta,1999,0
Tribuana,131/DKI/83,DKI Jakarta,1983,0
Tropicasurya Inticipta,132/DKI/01,DKI Jakarta,2001,0
Universitas Indonesia (UI Press),133/DKI/83,DKI Jakarta,1983,0
Universitas Trisakti,134/DKI/99,DKI Jakarta,1999,0
UPN Veteran Jakarta,135/DKI/83,DKI Jakarta,1983,0
Widyadara,136/DKI/83,DKI Jakarta,1983,0
Wira Mandala Pustaka,137/DKI/98,DKI Jakarta,1998,0
Wonosari Sawunggaling Enterprise,138/DKI/91,DKI Jakarta,1991,0
Yasperindo Selaras,139/DKI/01,DKI Jakarta,2001,0
Yovidherci,140/DKI/91,DKI Jakarta,1991,0
Yudhistira - Ghalia Indonesia,141/DKI/83,DKI Jakarta,1983,0
Pedoman Ilmu Jaya,142/DKI/81,DKI Jakarta,1981,0
Lazuardi Putra Pertiwi,143/DKI/95,DKI Jakarta,1995,0
Miswar,144/DKI/80,DKI Jakarta,1980,0
Nina Dinamika,145/DKI/89,DKI Jakarta,1989,0
Sambaa's,146/DKI/98,DKI Jakarta,1998,0
Media Antar Kota,147/DKI/92,DKI Jakarta,1992,0
Kapolaga Mas,148/DKI/94,DKI Jakarta,1994,0
Andesreko Persada,149/DKI/94,DKI Jakarta,1994,0
Andesreko Dinamika,150/DKI/94,DKI Jakarta,1994,0
Cipta Prima Budaya,151/DKI/94,DKI Jakarta,1994,0
Tirta Pratiwi Sejati,152/DKI/96,DKI Jakarta,1996,0
Sisi Sejoli Panunggal,153/DKI/96,DKI Jakarta,1996,0
Pustaka Putra Khatulistiwa,154/DKI/95,DKI Jakarta,1995,0
Sasama Mitra Suksesa,155/DKI/98,DKI Jakarta,1998,0
Danau Singkarak,156/DKI/85,DKI Jakarta,1985,0
Jariangau,157/DKI/94,DKI Jakarta,1994,0
Prenhallindo,158/DKI/97,DKI Jakarta,1997,0
Universitas Terbuka,159/DKI/83,DKI Jakarta,1983,0
Rora Karya,160/DKI/79,DKI Jakarta,1979,0
Dian Rakyat,161/DKI/66,DKI Jakarta,1966,0
Graha Pustaka,162/DKI/01,DKI Jakarta,2001,0
Tursina,163/DKI/93,DKI Jakarta,1993,0
Centre for Strategic and International Studies (CSIS),164/DKI/83,DKI Jakarta,1983,0
Aries Lima,165/DKI/76,DKI Jakarta,1976,0
Misaka Galiza,166/DKI/98,DKI Jakarta,1998,0
Sarana Dwi Tunggal,167/DKI/94,DKI Jakarta,1994,0
Arya Duta,168/DKI/01,DKI Jakarta,2001,0
Pustaka Azzam,169/DKI/01,DKI Jakarta,2001,0
Akbar Media Eka Sarana,170/DKI/01,DKI Jakarta,2001,0
Satu Buku,171/DKI/01,DKI Jakarta,2001,0
Dyatama Milenia,172/DKI/01,DKI Jakarta,2001,0
Yulia Agung Pratama,173/DKI/02,DKI Jakarta,2002,0
Rinjeni Abadi,174/DKI/02,DKI Jakarta,2002,0
Armandelta Selaras,175/DKI/02,DKI Jakarta,2002,0
Dua Sehati,176/DKI/02,DKI Jakarta,2002,0
Gaya Favorit Press,177/DKI/02,DKI Jakarta,2002,0
Anaksaleh Pratama,178/DKI/02,DKI Jakarta,2002,0
The Jakarta Consulting Group,179/DKI/02,DKI Jakarta,2002,0
Wahana Dinamika Karya,180/DKI/02,DKI Jakarta,2002,0
Delta Pamungkas,181/DKI/02,DKI Jakarta,2002,0
Saraswati Pariwara,182/DKI/02,DKI Jakarta,2002,0
Gading Inti Prima,183/DKI/02,DKI Jakarta,2002,0
Maha Bodhi Indonesia,184/DKI/02,DKI Jakarta,2002,0
Lontar Mas,185/DKI/02,DKI Jakarta,2002,0
Dalancang Seta,186/DKI/02,DKI Jakarta,2002,0
Trubus Swadaya,187/DKI/02,DKI Jakarta,2002,0
Kharisma Nur,188/DKI/02,DKI Jakarta,2002,0
Citra Dinamika Pratama,189/DKI/02,DKI Jakarta,2002,0
Bina Utama Perkasatama Publishing,190/DKI/02,DKI Jakarta,2002,0
Nuansa Madani,191/DKI/02,DKI Jakarta,2002,0
Zahra Publ. House,192/DKI/02,DKI Jakarta,2002,0
Zikrul Hakim,193/DKI/02,DKI Jakarta,2002,0
Mediacita,194/DKI/02,DKI Jakarta,2002,0
Republika Penerbit (Pustaka Abdi Bangsa),195/DKI/02,DKI Jakarta,2002,0
Pustaka Thariqul Izzah,196/DKI/02,DKI Jakarta,2002,0
Citra Harta Prima,197/DKI/02,DKI Jakarta,2002,0
Indira,198/DKI/02,DKI Jakarta,2002,0
Ind-Hill Co.,199/DKI/02,DKI Jakarta,2002,0
Kebayoran Widyaripta,200/DKI/02,DKI Jakarta,2002,0
Datakom Lintas Buana,201/DKI/02,DKI Jakarta,2002,0
Listafariska Putra,202/DKI/02,DKI Jakarta,2002,0
Narya Gunatra (Majalah Nirmala),203/DKI/02,DKI Jakarta,2002,0
Felita Nursatama Lestari,204/DKI/02,DKI Jakarta,2002,0
Khairul Bayaan,205/DKI/02,DKI Jakarta,2002,0
Piranti Darma Kalokatama,206/DKI/02,DKI Jakarta,2002,0
Lembaga Kajian dan Pengembangan Sumber Daya Manusia (Lakpesdam),207/DKI/02,DKI Jakarta,2002,0
Jakarta Consulting Group,208/DKI/02,DKI Jakarta,2002,0
Atalya Rileni Sudeco,209/DKI/03,DKI Jakarta,2003,0
Rumpun Dian Nugraha,210/DKI/03,DKI Jakarta,2003,0
Cahaya Kristal Media Utama,211/DKI/03,DKI Jakarta,2003,0
Adfale Prima Cipta,212/DKI/03,DKI Jakarta,2003,0
Indradjaya,213/DKI/2015,DKI Jakarta,2015,0
Pesagimandiri Perkasa,214/DKI/03,DKI Jakarta,2003,0
Pratasejati Mandiri,215/DKI/03,DKI Jakarta,2003,0
Dewata Publishing,216/DKI/03,DKI Jakarta,2003,0
Bunyan Andalan Sejati,217/DKI/03,DKI Jakarta,2003,0
Hambali Swadaya Putra,218/DKI/03,DKI Jakarta,2003,0
Lontar,219/DKI/03,DKI Jakarta,2003,0
Percetakan Negara RI,220/DKI/03,DKI Jakarta,2003,0
Sagung Seto,221/DKI/03,DKI Jakarta,2003,0
Metafor Intermedia Indonesia,222/DKI/03,DKI Jakarta,2003,0
Bina Sumber Daya Mipa,223/DKI/03,DKI Jakarta,2003,0
Ina Publikatama,224/DKI/03,DKI Jakarta,2003,0
Ricardo Publishing & Printing,225/DKI/03,DKI Jakarta,2003,0
Globalmedia Cipta Publishing,226/DKI/08,DKI Jakarta,2008,0
Triasco,227/DKI/04,DKI Jakarta,2004,0
Indeks,228/DKI/04,DKI Jakarta,2004,0
Mizan Publika,229/DKI/04,DKI Jakarta,2004,0
Messianic Indonesia,230/DKI/04,DKI Jakarta,2004,0
Diva Pustaka,231/DKI/04,DKI Jakarta,2004,0
Dassco,232/DKI/04,DKI Jakarta,2004,0
Ekuator Publika,233/DKI/04,DKI Jakarta,2004,0
Pusat Profil Muslim Indonesia,234/DKI/04,DKI Jakarta,2004,0
Mandar Utama Tiga,235/DKI/04,DKI Jakarta,2004,0
Swadaya Murni,236/DKI/04,DKI Jakarta,2004,0
Media Global Edukasi,237/DKI/04,DKI Jakarta,2004,0
Gagas Media,238/DKI/04,DKI Jakarta,2004,0
Zenith,239/DKI/04,DKI Jakarta,2004,0
Pustaka Al Husna Baru,240/DKI/04,DKI Jakarta,2004,0
Bina Karakter Bangsa,241/DKI/04,DKI Jakarta,2004,0
One Earth Media,242/DKI/04,DKI Jakarta,2004,0
Setia Purna Inves,243/DKI/04,DKI Jakarta,2004,0
Kawan Pustaka,244/DKI/04,DKI Jakarta,2004,0
Karya Mandiri,245/DKI/04,DKI Jakarta,2004,0
Bhuana Ilmu Populer,246/DKI/04,DKI Jakarta,2004,0
Mascott Media Nusantara,247/DKI/04,DKI Jakarta,2004,0
LIPI Press,248/DKI/04,DKI Jakarta,2004,0
Cakrawala Surya Prima (Cakrawala Publishing),249/DKI/04,DKI Jakarta,2004,0
Bestari Buana Murni,250/DKI/04,DKI Jakarta,2004,0
Karisma Aksara Mediatama,251/DKI/04,DKI Jakarta,2004,0
Visindo Media Persada,252/DKI/05,DKI Jakarta,2005,0
Lentera Abadi,253/DKI/05,DKI Jakarta,2005,0
Pustaka Gemilang,254/DKI/05,DKI Jakarta,2005,0
Rakyan Adhi Putra,255/DKI/05,DKI Jakarta,2005,0
Tiara Prima Media,256/DKI/05,DKI Jakarta,2005,0
Permata Karisma,257/DKI/05,DKI Jakarta,2005,0
Tunas Melati,258/DKI/05,DKI Jakarta,2005,0
Indocamp - Al Kautsar Prima,259/DKI/05,DKI Jakarta,2005,0
Cakram Sentra Dinamika,260/DKI/05,DKI Jakarta,2005,0
Masyarakat Cerdas,261/DKI/05,DKI Jakarta,2005,0
Azka Yuaffa Shaliha,262/DKI/05,DKI Jakarta,2005,0
Prenada Media Group,263/DKI/05,DKI Jakarta,2005,0
Qisthi Press,264/DKI/05,DKI Jakarta,2005,0
Clyde Consultans Indonesia (Mark Plus & Co),265/DKI/05,DKI Jakarta,2005,0
Renaisan Multi Daya,266/DKI/05,DKI Jakarta,2005,0
Praninta Jaya Mandiri,267/DKI/05,DKI Jakarta,2005,0
Sangha Theravada Indonesia,268/DKI/05,DKI Jakarta,2005,0
Gaung Persada Press,269/DKI/05,DKI Jakarta,2005,0
Badan Penerbit IBLAM,270/DKI/05,DKI Jakarta,2005,0
Prima In-Kreasi,271/DKI/05,DKI Jakarta,2005,0
Ramos Gospel,272/DKI/05,DKI Jakarta,2005,0
Literatur Media Sukses,273/DKI/05,DKI Jakarta,2005,0
Kharisma Ilmu,274/DKI/06,DKI Jakarta,2006,0
Pustaka Imam Asy-Syafi'i,275/DKI/06,DKI Jakarta,2006,0
Empat Sekawan Sejahtera,276/DKI/06,DKI Jakarta,2006,0
Jayakarta Agung Offset,277/DKI/06,DKI Jakarta,2006,0
Ciputat Press,278/DKI/06,DKI Jakarta,2006,0
Tematik Indonesia Utama (PT. Tekindo Utama),279/DKI/06,DKI Jakarta,2006,0
Penerbit Pelangi Indonesia,280/DKI/06,DKI Jakarta,2006,0
Dwitama AsriMedia,281/DKI/06,DKI Jakarta,2006,0
Pena Pundi Aksara,282/DKI/06,DKI Jakarta,2006,0
Media Pustaka,283/DKI/06,DKI Jakarta,2006,0
Sunda Kelapa Pustaka,284/DKI/06,DKI Jakarta,2006,0
Al Ghuraba,285/DKI/06,DKI Jakarta,2006,0
Azka Mulia Media,286/DKI/06,DKI Jakarta,2006,0
Kata Hasta Pustaka,287/DKI/06,DKI Jakarta,2006,0
Nimas Multima,288/DKI/06,DKI Jakarta,2006,0
Musi Perkasa Utama,289/DKI/06,DKI Jakarta,2006,0
Visi Cita Kreasi,290/DKI/06,DKI Jakarta,2006,0
Karya Duta Wahana,291/DKI/06,DKI Jakarta,2006,0
Bumi Timur Jaya,292/DKI/06,DKI Jakarta,2006,0
Gelora Aksara Pratama,293/DKI/06,DKI Jakarta,2006,0
Phibeta Aneka Gama,294/DKI/06,DKI Jakarta,2006,0
Fery Agung Corporation,295/DKI/06,DKI Jakarta,2006,0
Kuark Internasional,296/DKI/06,DKI Jakarta,2006,0
Aliansi Belajar Mandiri (Albama),297/DKI/06,DKI Jakarta,2006,0
Senayan Abadi,298/DKI/06,DKI Jakarta,2006,0
Interplus,299/DKI/06,DKI Jakarta,2006,0
Krida Yudha Nusantara,300/DKI/06,DKI Jakarta,2006,0
Trans Mandiri Abadi,301/DKI/07,DKI Jakarta,2007,0
Cahaya Tirta Baruna,302/DKI/07,DKI Jakarta,2007,0
Tata Megah Antariksa,303/DKI/07,DKI Jakarta,2007,0
Panca Anugerah Sakti,304/DKI/07,DKI Jakarta,2007,0
Dharmapena Citra Media,305/DKI/07,DKI Jakarta,2007,0
Talenta Mulia Aksara,306/DKI/07,DKI Jakarta,2007,0
Karya Mandiri Nusantara,307/DKI/07,DKI Jakarta,2007,0
Arga Publishing,308/DKI/07,DKI Jakarta,2007,0
Duta Karya Ilmu,309/DKI/07,DKI Jakarta,2007,0
Padi Merunduk,310/DKI/07,DKI Jakarta,2007,0
Lestari Kiranatama,311/DKI/07,DKI Jakarta,2007,0
Sinar Cemerlang Abadi,312/DKI/07,DKI Jakarta,2007,0
Anugerah Pustaka Lestari,313/DKI/07,DKI Jakarta,2007,0
Pustaka Mandiri,314/DKI/07,DKI Jakarta,2007,0
Simaq,315/DKI/07,DKI Jakarta,2007,0
Lembaga Penerbit FE-UI,316/DKI/07,DKI Jakarta,2007,0
Eaststar Adhi Citra,317/DKI/07,DKI Jakarta,2007,0
Dayasu EduMedia,318/DKI/07,DKI Jakarta,2007,0
Sirnagalih,319/DKI/07,DKI Jakarta,2007,0
Mitra Aksara Panaitan (Mapan),320/DKI/07,DKI Jakarta,2007,0
Mirqat Ilmu Ihsani,321/DKI/07,DKI Jakarta,2007,0
Penerbit Gajah Mada,322/DKI/07,DKI Jakarta,2007,0
THC Mandiri,323/DKI/07,DKI Jakarta,2007,0
Alam Sakti Persada Global,324/DKI/07,DKI Jakarta,2007,0
Inti Buku Utama,325/DKI/07,DKI Jakarta,2007,0
Diadit Media,326/DKI/07,DKI Jakarta,2007,0
Trans Media Pustaka,327/DKI/08,DKI Jakarta,2008,0
Qultum Media,328/DKI/08,DKI Jakarta,2008,0
Media Kita,329/DKI/08,DKI Jakarta,2008,0
Wahyu Media,330/DKI/08,DKI Jakarta,2008,0
Anak Teladan,331/DKI/08,DKI Jakarta,2008,0
Leuser Cita Pustaka,332/DKI/08,DKI Jakarta,2008,0
Titik Terang,333/DKI/07,DKI Jakarta,2007,0
Al - I'tishom,334/DKI/08,DKI Jakarta,2008,0
Tazkia Investindo Utama,335/DKI/08,DKI Jakarta,2008,0
Mediantara Semesta,336/DKI/08,DKI Jakarta,2008,0
Bina Sarana Pustaka,337/DKI/08,DKI Jakarta,2008,0
Bluewater Indonesia,338/DKI/08,DKI Jakarta,2008,0
Lautan Lestari (Lestari Books),339/DKI/08,DKI Jakarta,2008,0
Citra Unggul Laksana,340/DKI/08,DKI Jakarta,2008,0
Sahala Adidayatama,341/DKI/08,DKI Jakarta,2008,0
Rama Edukasitama,342/DKI/08,DKI Jakarta,2008,0
Ghina Walafafa,343/DKI/08,DKI Jakarta,2008,0
Lentera Hati,344/DKI/08,DKI Jakarta,2008,0
Aksatama Mitra Progressia,345/DKI/08,DKI Jakarta,2008,0
Sasama Mitra Suksesa,346/DKI/08,DKI Jakarta,2008,0
Misaka Galiza,347/DKI/08,DKI Jakarta,2008,0
Bina Adiaksara,348/DKI/08,DKI Jakarta,2008,0
Bintang Ilmu,349/DKI/08,DKI Jakarta,2008,0
Griya Widya Pustaka,350/DKI/08,DKI Jakarta,2008,0
Citra Utama,351/DKI/08,DKI Jakarta,2008,0
Asta Buana Sejahtera,352/DKI/08,DKI Jakarta,2008,0
Sahifa Haq,353/DKI/08,DKI Jakarta,2008,0
Media Karsa,354/DKI/08,DKI Jakarta,2008,0
Wahana Semesta Intermedia (RM Books),355/DKI/08,DKI Jakarta,2008,0
Abiyah Pratama,356/DKI/08,DKI Jakarta,2008,0
LKBN Antara,357/DKI/08,DKI Jakarta,2008,0
Nobel EduMedia,358/DKI/08,DKI Jakarta,2008,0
Damardesa Mitra Lestari,359/DKI/08,DKI Jakarta,2008,0
Embun Publishing,360/DKI/08,DKI Jakarta,2008,0
Massma Sikumbang,361/DKI/08,DKI Jakarta,2008,0
Rehal Publika,362/DKI/08,DKI Jakarta,2008,0
Java Media Network,363/DKI/08,DKI Jakarta,2008,0
Pinangria Utama Jakarta,364/DKI/08,DKI Jakarta,2008,0
Siwibakti Darma,365/DKI/08,DKI Jakarta,2008,0
Rizky Aditya,366/DKI/08,DKI Jakarta,2008,0
Duta Cendikia Pustaka,367/DKI/08,DKI Jakarta,2008,0
Bung Karno,368/DKI/08,DKI Jakarta,2008,0
Komunitas Bambu,369/DKI/08,DKI Jakarta,2008,0
Rabitha Press,370/DKI/08,DKI Jakarta,2008,0
Pustaka Inti,371/DKI/08,DKI Jakarta,2008,0
Kandel,372/DKI/08,DKI Jakarta,2008,0
Ko-Madjid (Koma) Foundation,373/DKI/08,DKI Jakarta,2008,0
Cicero Indonesia,374/DKI/08,DKI Jakarta,2008,0
Prasasti,375/DKI/08,DKI Jakarta,2008,0
Pena Citasatria,376/DKI/08,DKI Jakarta,2008,0
Duha,377/DKI/08,DKI Jakarta,2008,0
Maghfirah Pustaka,378/DKI/08,DKI Jakarta,2008,0
Mitra Lintas Bangsa,379/DKI/09,DKI Jakarta,2009,0
Ufuk Publishing House,380/DKI/09,DKI Jakarta,2009,0
Lingkar Pena Kreativa,381/DKI/09,DKI Jakarta,2009,0
Bina Media Sabili,382/DKI/09,DKI Jakarta,2009,0
Binamuda Ciptakreasi,383/DKI/09,DKI Jakarta,2009,0
Hi-Fest Publishing,384/DKI/09,DKI Jakarta,2009,0
Literata Lintas Media,385/DKI/09,DKI Jakarta,2009,0
Darus Sunnah Press,386/DKI/09,DKI Jakarta,2009,0
Maloho Jaya Abadi,387/DKI/09,DKI Jakarta,2009,0
Rajut Publishing,388/DKI/09,DKI Jakarta,2009,0
Musik Gereja,389/DKI/09,DKI Jakarta,2009,0
Metric Next Media,390/DKI/09,DKI Jakarta,2009,0
Luxima Metro Media,391/DKI/09,DKI Jakarta,2009,0
Pijar,392/DKI/09,DKI Jakarta,2009,0
Lembaga Jangka Indonesia,393/DKI/09,DKI Jakarta,2009,0
Grafindo Khazanah Ilmu,394/DKI/09,DKI Jakarta,2009,0
Pusat Penelitian dan Pengembangan Kesejahteran Sosial Press (P3KS Press),395/DKI/09,DKI Jakarta,2009,0
Almahira,396/DKI/09,DKI Jakarta,2009,0
Sukses Publishing,397/DKI/09,DKI Jakarta,2009,0
Bumi Intitama Sejahtera,398/DKI/09,DKI Jakarta,2009,0
Pustaka Iiman,399/DKI/09,DKI Jakarta,2009,0
Pustaka Mandiri,400/DKI/09,DKI Jakarta,2009,0
Equator Publika,401/DKI/09,DKI Jakarta,2009,0
Darul Falah,402/DKI/09,DKI Jakarta,2009,0
Ref Graphika,403/DKI/2010,DKI Jakarta,2010,0
Inti Prima Promosindo,404/DKI/2010,DKI Jakarta,2010,0
Visi Insani Publishing,405/DKI/2010,DKI Jakarta,2010,0
Warta Mitra Mandiri,406/DKI/2010,DKI Jakarta,2010,0
Titian Pena Abadi,407/DKI/2010,DKI Jakarta,2010,0
Eureka Bookhouse,408/DKI/2010,DKI Jakarta,2010,0
Gramata Publishing,409/DKI/2010,DKI Jakarta,2010,0
Mitra Wacana Media,410/DKI/2010,DKI Jakarta,2010,0
Wormer Jaya,411/DKI/2010,DKI Jakarta,2010,0
Pustaka Cendekia Muda,412/DKI/2010,DKI Jakarta,2010,0
PT. Multazam Mulia Utama,413/DKI/2010,DKI Jakarta,2010,0
UD. Dastan Books,414/DKI/2010,DKI Jakarta,2010,0
PT. Penerbit Citra,415/DKI/2010,DKI Jakarta,2010,0
Foresight Asia,416/DKI/2010,DKI Jakarta,2010,0
Progressio Radian Optima,417/DKI/2010,DKI Jakarta,2010,0
Doenia Tali Kata Publishing House,418/DKI/2010,DKI Jakarta,2010,0
Khazanah Mimbar Plus,419/DKI/2010,DKI Jakarta,2010,0
Setia Kawan,420/DKI/2011,DKI Jakarta,2011,0
Inti Medina,421/DKI/2011,DKI Jakarta,2011,0
Pustaka Tiga Kelana,422/DKI/2011,DKI Jakarta,2011,0
Potensa Mitra Sinergi,423/DKI/2011,DKI Jakarta,2011,0
Erlass Prokreatif Indonesia,424/DKI/2011,DKI Jakarta,2011,0
Bellabook Media,425/DKI/2011,DKI Jakarta,2011,0
Tirta Media,426/DKI/2011,DKI Jakarta,2011,0
Mahkota Ilmu,427/DKI/2011,DKI Jakarta,2011,0
Wadah Ilmu,428/DKI/2011,DKI Jakarta,2011,0
Muliapurna Jayaterbit,429/DKI/2011,DKI Jakarta,2011,0
Mahmud Yunus Wadzuryah,430/DKI/2011,DKI Jakarta,2011,0
Pustaka Bina Bangsa,431/DKI/2011,DKI Jakarta,2011,0
Sapta Sentosa,432/DKI/2011,DKI Jakarta,2011,0
Fakultas Seni Rupa Institut Kesenian Jakarta,433/DKI/2011,DKI Jakarta,2011,0
Darul Ilmi (Darul Ilmi Publishing),434/DKI/2011,DKI Jakarta,2011,0
Dar Al-Kutub Al-Islamiyah,435/DKI/2011,DKI Jakarta,2011,0
Kreasi Prima Jaya,436/DKI/2011,DKI Jakarta,2011,0
Pro You,437/DKI/2011,DKI Jakarta,2011,0
Jabal Rohmat,438/DKI/2011,DKI Jakarta,2011,0
Readboy Indonesia,439/DKI/2011,DKI Jakarta,2011,0
Milenia Pustaka,440/DKI/2012,DKI Jakarta,2012,0
Jabal Hilal,441/DKI/2012,DKI Jakarta,2012,0
Mediatama Saptakarya,442/DKI/2012,DKI Jakarta,2012,0
Indesain Semesta,443/DKI/2012,DKI Jakarta,2012,0
Lajnah Pentashihan Mushaf Al-Qur?an (LPMA),444/DKI/2012,DKI Jakarta,2012,0
Indonesia Agency For Agricultural Research and Development (IAARD) Press,445/DKI/2012,DKI Jakarta,2012,0
JS Benaiah Books,446/DKI/2012,DKI Jakarta,2012,0
Concern Group Indonesia,447/DKI/2012,DKI Jakarta,2012,0
Hijau Daun,448/DKI/2012,DKI Jakarta,2012,0
Duta Harapan Dunia,449/DKI/2012,DKI Jakarta,2012,0
BAB Publishing,450/DKI/2012,DKI Jakarta,2012,0
Republika Media Mandiri,451/DKI/2013,DKI Jakarta,2013,0
Lembaga Perguruan Tinggi Teologi Indonesia,452/DKI/2013,DKI Jakarta,2013,0
Bisnis Indonesia Gagaskreasitama,453/DKI/2013,DKI Jakarta,2013,0
Indonesia Marine Anda Fisheries Socia-Economi Reasearch Network,454/DKI/2013,DKI Jakarta,2013,0
Griya Ilmu,455/DKI/2013,DKI Jakarta,2013,0
Pustaka Al Ghifari,456/DKI/2013,DKI Jakarta,2013,0
Fajar Cahaya Mandiri,457/DKI/2013,DKI Jakarta,2013,0
Ercontara Rajawali,458/DKI/2013,DKI Jakarta,2013,0
Pelangi Ilmu Nusantara,459/DKI/2013,DKI Jakarta,2013,0
Aku Bisa,460/DKI/2013,DKI Jakarta,2013,0
Trisula Adisakti,461/DKI/2013,DKI Jakarta,2013,0
Widya Cahaya,462/DKI/2013,DKI Jakarta,2013,0
Pustaka Imam Bonjol,463/DKI/2013,DKI Jakarta,2013,0
Puslitbang Badan Metreologi Klimatologi Dan Geofisika,464/DKI/2013,DKI Jakarta,2013,0
Trans Info Media,465/DKI/2013,DKI Jakarta,2013,0
Pesona Edukasi,466/DKI/2013,DKI Jakarta,2013,0
Suara Agung,467/DKI/2013,DKI Jakarta,2013,0
Lembaga Penerbit Badan Penelitian dan Pengembangan Kesehatan (LPB),468/DKI/2013,DKI Jakarta,2013,0
Nagakusuma Media Kreatif,469/DKI/2013,DKI Jakarta,2013,0
Indomedia Global,470/DKI/2013,DKI Jakarta,2013,0
Multi Kreasi Satudelapan,471/DKI/2013,DKI Jakarta,2013,0
Pustaka Mulia,472/DKI/XII/2013,DKI Jakarta,2013,0
Publica Press Lembaga,473/DKI/XII/2013,DKI Jakarta,2013,0
Cahaya Pineleng,474/DKI/XII/2013,DKI Jakarta,2013,0
Univ. Muhammadiyah Jakarta Press (UMJ PRESS),475/DKI/IV/2014,DKI Jakarta,2014,0
Badan Pengkajian dan Penerapan Teknologi (BPPT Press),476/DKI/IV/2014,DKI Jakarta,2014,0
Multi Cerdas Indonesia,477/DKI/IV/2014,DKI Jakarta,2014,0
Bina Prestasi Insani,478/DKI/IV/2014,DKI Jakarta,2014,0
Zaytuna Ufuk Abadi,479/DKI/IV/2014,DKI Jakarta,2014,0
Integral Data Prima,481/DKI/IV/2014,DKI Jakarta,2014,0
Cemerlang Panca Aksara,483/DKI/IV/2014,DKI Jakarta,2014,0
Suara Harapan Baru,484/DKI/IV/2014,DKI Jakarta,2014,0
Lentera Ilmu Cendekia,485/DKI/IV/2014,DKI Jakarta,2014,0
Perisai Qur'an,486/DKI/VII/2014,DKI Jakarta,2014,0
Penerbitan Pascasarjana IKJ,487/DKI/VII/2014,DKI Jakarta,2014,0
Utan Kayu Sejati,488/DKI/VII/2014,DKI Jakarta,2014,0
Opuss Agrapana Mandiri,489/DKI/VII/2014,DKI Jakarta,2014,0
quadra inti solusi,491/DKI/VII/2014,DKI Jakarta,2014,0
indraprasta pgri,492/DKI/VII/2014,DKI Jakarta,2014,0
uhamka,493/DKI/VII/2014,DKI Jakarta,2014,0
wortel books,494/DKI/VII/2014,DKI Jakarta,2014,0
Wadi Berkah Abadi,496/DKI/X/2014,DKI Jakarta,2014,0
Trustco Cipta Madani,497/DKI/X/2014,DKI Jakarta,2014,0
Pilar Utama Mandiri,498/DKI/X/2014,DKI Jakarta,2014,0
Sulaksana Watinsa Indonesia,499/DKI/X/2014,DKI Jakarta,2014,0
Miswar,500/DKI/X/2014,DKI Jakarta,2014,0
Badan Penelitian dan Pengembangan Kementrian Kelautan dan Perikanan (Amafrad Press),501/DKI/II/2014,DKI Jakarta,2014,0
Rayyana Komunikasindo,502/DKI/2015,DKI Jakarta,2015,0
Penerbit Lentera Abadi,504/DKI/2015,DKI Jakarta,2015,0
Wahana Inspirasi Nusantara,505/DKI/2015,DKI Jakarta,2015,0
Pustaka Al Mubin Semesta,506/DKI/2015,DKI Jakarta,2015,0
Badan Penerbit FKUI,507/DKI/2015,DKI Jakarta,2015,0
Educarindo Compumedia Utama,508/DKI/2015,DKI Jakarta,2015,0
Visimedia Pustaka,509/DKI/2015,DKI Jakarta,2015,0
Lintas Kata Sarana,510/DKI/2015,DKI Jakarta,2015,0
Agromedia Pustaka,511/DKI/2015,DKI Jakarta,2015,0
Tangga Pustaka,512/DKI/2015,DKI Jakarta,2015,0
Widya Sarana Informatika,513/DKI/2015,DKI Jakarta,2015,0
Batan Press,514/DKI/2015,DKI Jakarta,2015,0
Binar Cahaya Semesta,515/DKI/2015,DKI Jakarta,2015,0
Senja Media Utama,516/DKI/2015,DKI Jakarta,2015,0
Fatih Samudera Benua,517/DKI/2015,DKI Jakarta,2015,0
Bina Sumber Daya Mipa,518/DKI/2015,DKI Jakarta,2015,0
Permata Equator Media,519/DKI/2015,DKI Jakarta,2015,0
Demedia Pustaka,520/DKI/2015,DKI Jakarta,2015,0
Bukune Kreatif Cipta,521/DKI/2015,DKI Jakarta,2015,0
Indonesia Tera,522/DKI/2015,DKI Jakarta,2015,0
Otheten Pusgrafin Jakarta (Polimedia Publishing),523/DKI/2015,DKI Jakarta,2015,0
Dunamis Intrasarana,524/DKI/2015,DKI Jakarta,2015,0
Tempo Inti Media,525/DKI/2016,DKI Jakarta,2016,0
Gwu Sarana Komunikasi,526/DKI/2016,DKI Jakarta,2016,0
Cerah Budaya Indonesia,527/DKI/2016,DKI Jakarta,2016,0
Indomulti Media,528/DKI/2016,DKI Jakarta,2016,0
Universitas Islam Jakarta (UIJ) Press,529/DKI/2016,DKI Jakarta,2016,0
Lubang Kelinci Indonesia,530/DKI/2016,DKI Jakarta,2016,0
Haula Sejahtera (Haula Publishing),531/DKI/2016,DKI Jakarta,2016,0
Gelora Swara Mahardika,532/DKI/2016,DKI Jakarta,2016,0
Armada Buana Prima,533/DKI/2016,DKI Jakarta,2016,0
Sulthan Press,534/DKI/2016,DKI Jakarta,2016,0
Sukarya & Sukarya Pandetama,535/DKI/2016,DKI Jakarta,2016,0
Sandiarta Sukses,536/DKI/2016,DKI Jakarta,2016,0
Lembaga Administrasi Negara Press (LAN),537/DKI/2017,DKI Jakarta,2017,0
Potensi Titian Siswa,538/DKI/2017,DKI Jakarta,2017,0
Marketeer Internasional,539/DKI/2017,DKI Jakarta,2017,0
Koperasi Konstitusi,540/Anggota Luar Biasa/DKI/2017,DKI Jakarta,2017,1
Inkubator Penulis Indonesia,541/DKI/2017,DKI Jakarta,2017,0
Sumber Citra Lestari,542/DKI/2017,DKI Jakarta,2017,0
Grafika Estetika Atria (Afterhours Books),543/DKI/2017,DKI Jakarta,2017,0
Kompas Media Nusantara (Penerbit Buku Kompas),544/DKI/2017,DKI Jakarta,2017,0
Penelitian dan Pengembangan Pendidikan dan Pelatihan (LITBANGDIKLAT PRESS),545/Anggota Luar Biasa/DKI/2017,DKI Jakarta,2017,1
Bumi Semesta Media,546/DKI/2017,DKI Jakarta,2017,0
Yayasan Wali Pustaka,547/DKI/2017,DKI Jakarta,2017,0
Lintas Media,548/DKI/2017,DKI Jakarta,2017,0
Pusat Studi Veda dan Dharma,549/DKI/2017,DKI Jakarta,2017,0
Suhud Sentrautama,001/BANTEN/02,Banten,2002,0
Winata Kreasi,002/BANTEN/09,Banten,2009,0
Wahana Cipta Mandiri,003/BANTEN/09,Banten,2009,0
Mega Mitra Kreasindo,004/BANTEN/2012,Banten,2012,0
Rajawali Arta Mandiri,005/BANTEN/2012,Banten,2012,0
Delta Edukasi Prima,006/BANTEN/2012,Banten,2012,0
Sengpho Utama,007/BANTEN/2013,Banten,2013,0
Bukindo Erakarya,008/BANTEN/2013,Banten,2013,0
Carofin Media,009/BANTEN/2013,Banten,2013,0
Yudha Pratama Mandiri,010/BANTEN/2014,Banten,2014,0
Pustaka Kompas,011/BANTEN/2014,Banten,2014,0
Albasil Aksara,012/BANTEN/2014,Banten,2014,0
Loka Aksara,013/BANTEN/2014,Banten,2014,0
Mustika Ilmu,014/BANTEN/2013,Banten,2013,0
Mahara Publishing,015/Banten/2015,Banten,2015,0
Aksara Pustaka Edukasi,016/Banten/2015,Banten,2015,0
Risalah Nur Press,017/Banten/2015,Banten,2015,0
La Tansa Mashiro Publisher,018/Banten/2015,Banten,2015,0
Sari Ilmu Persada,019/Banten/2015,Banten,2015,0
Laksita Indonesia,020/Banten/2015,Banten,2015,0
Alamedia Peraga Edu,021/Banten/2016,Banten,2016,0
Bentara Aksara Cahaya,022/Banten/2016,Banten,2016,0
Gong Publishing,023/Banten/2016,Banten,2016,0
Yayasan Bina Cendekia (Taxsys Publishing),024/Banten/2017,Banten,2017,0
Asta Ilmu Sukses,025/Banten/2017,Banten,2017,0
Tirtasmart,026/Banten/2017,Banten,2017,0
Unpam Press,027/Banten/2017,Banten,2017,0
Ihsan Media,028/Banten/2017,Banten,2017,0
Adhika Eka Sarana,001/JBA/93,Jawa Barat,1993,0
Agia Media,002/JBA/96,Jawa Barat,1996,0
Al?Bayan,003/JBA/94,Jawa Barat,1994,0
Alfabeta,004/JBA/92,Jawa Barat,1992,0
Al?Ma?arif,005/JBA/68,Jawa Barat,1968,0
Alqa Print,006/JBA/99,Jawa Barat,1999,0
Alumni,007/JBA/75,Jawa Barat,1975,0
Andira,008/JBA/94,Jawa Barat,1994,0
Angkasa,009/JBA/66,Jawa Barat,1966,0
Armico,010/JBA/82,Jawa Barat,1982,0
Bina Budhaya,011/JBA/81,Jawa Barat,1981,0
Bina Siswa,012/JBA/90,Jawa Barat,1990,0
Bina Wiraswasta Insan Indonesia,013/JBA/97,Jawa Barat,1997,0
Citra Aditya Bakti,014/JBA/86,Jawa Barat,1986,0
Citra Karya Utama Press,015/JBA/94,Jawa Barat,1994,0
Citra Kencana,016/JBA/00,Jawa Barat,2000,0
Citra Penamas,017/JBA/94,Jawa Barat,1994,0
Citra Pindo,018/JBA/96,Jawa Barat,1996,0
Dharma Karya Cipta,019/JBA/93,Jawa Barat,1993,0
Diponegoro,020/JBA/95,Jawa Barat,1995,0
Djatnika,021/JBA/85,Jawa Barat,1985,0
Dwi Rama,022/JBA/93,Jawa Barat,1993,0
Enkazet,023/JBA/95,Jawa Barat,1995,0
Epsilon Grup,024/JBA/87,Jawa Barat,1987,0
Fitri,025/JBA/96,Jawa Barat,1996,0
Ganeca Exact,026/JBA/83,Jawa Barat,1983,0
Ganeca Exact Bandung,026/JBA/83,Jawa Barat,1983,0
Geger Sunten,027/JBA/91,Jawa Barat,1991,0
Grafindo Media Pratama,028/JBA/96,Jawa Barat,1996,0
Humaniora Utama Press,029/JBA/91,Jawa Barat,1991,0
Indah Jaya Adipratama,030/JBA/83,Jawa Barat,1983,0
Indonesia Publishing House,031/JBA/94,Jawa Barat,1994,0
Indra Prahasta,032/JBA/94,Jawa Barat,1994,0
Informatika,033/JBA/99,Jawa Barat,1999,0
ITB,034/JBA/92,Jawa Barat,1992,0
Kalam Hidup,035/JBA/93,Jawa Barat,1993,0
Karang Sewu,036/JBA/94,Jawa Barat,1994,0
Karsa Mandiri,037/JBA/99,Jawa Barat,1999,0
Karya Kita,038/JBA/87,Jawa Barat,1987,0
Karyaputri Wardhani,039/JBA/95,Jawa Barat,1995,0
Lembaga Literatur Baptis,040/JBA/96,Jawa Barat,1996,0
Lubuk Agung,041/JBA/86,Jawa Barat,1986,0
M2S,042/JBA/86,Jawa Barat,1986,0
Mandar Maju,043/JBA/92,Jawa Barat,1992,0
Media Iptek Bandung,044/JBA/92,Jawa Barat,1992,0
Media Pajajaran Waratama,045/JBA/95,Jawa Barat,1995,0
Megindo Tunggal Sejahtera,046/JBA/98,Jawa Barat,1998,0
Mizan Pustaka,047/JBA/84,Jawa Barat,1984,0
Mughni Sejahtera,048/JBA/00,Jawa Barat,2000,0
Multi Adiwiyata,049/JBA/96,Jawa Barat,1996,0
Nuansa Majalengka,050/JBA/95,Jawa Barat,1995,0
P & G Kilat Jaya,051/JBA/93,Jawa Barat,1993,0
Pakar Raya,052/JBA/93,Jawa Barat,1993,0
Paramaartha Maju,053/JBA/70,Jawa Barat,1970,0
Paramedia Komunikatama,054/JBA/96,Jawa Barat,1996,0
Pembangunan Jaya,055/JBA/94,Jawa Barat,1994,0
Pionir Jaya,056/JBA/92,Jawa Barat,1992,0
Pribumi Mekar,057/JBA/99,Jawa Barat,1999,0
Pustaka Adhigama,058/JBA/93,Jawa Barat,1993,0
Pustaka Buana,059/JBA/85,Jawa Barat,1985,0
Pustaka Hidayah,060/JBA/97,Jawa Barat,1997,0
Pustaka Litera Antar Nusa,061/JBA/95,Jawa Barat,1995,0
Pustaka Madani,062/JBA/99,Jawa Barat,1999,0
Pustaka Setia,063/JBA/93,Jawa Barat,1993,0
Putra A Bardin,064/JBA/99,Jawa Barat,1999,0
Ramadan,065/JBA/93,Jawa Barat,1993,0
Refika Aditama,066/JBA/93,Jawa Barat,1993,0
Regina,067/JBA/97,Jawa Barat,1997,0
Remaja Rosda Karya,068/JBA/95,Jawa Barat,1995,0
Rinjani,069/JBA/98,Jawa Barat,1998,0
Salam Prima Media,070/JBA/99,Jawa Barat,1999,0
Sarana Cipta Ilmu,071/JBA/91,Jawa Barat,1991,0
Sarana Panca Karya Nusa,072/JBA/95,Jawa Barat,1995,0
Siger Tengah,073/JBA/93,Jawa Barat,1993,0
Sinar Baru Algensindo,074/JBA/85,Jawa Barat,1985,0
Sony Sugema Presindo,075/JBA/97,Jawa Barat,1997,0
Sulita,076/JBA/80,Jawa Barat,1980,0
Tarate,077/JBA/68,Jawa Barat,1968,0
Tarsito,078/JBA/81,Jawa Barat,1981,0
Theme 76,079/JBA/95,Jawa Barat,1995,0
Titian Ilmu,080/JBA/93,Jawa Barat,1993,0
Trigenda Karya,081/JBA/96,Jawa Barat,1996,0
Wahana Iptek Bandung,082/JBA/97,Jawa Barat,1997,0
Maulana,083/JBA/97,Jawa Barat,1997,0
Dananjaya,084/JBA/96,Jawa Barat,1996,0
Subur Abadi,085/JBA/97,Jawa Barat,1997,0
Ekonomi,086/JBA/,Jawa Barat,JBA/,0
Kiblat Buku Utama,087/JBA/01,Jawa Barat,2001,0
Multi Grafix Nusantara,088/JBA/01,Jawa Barat,2001,0
Yrama Widya,089/JBA/01,Jawa Barat,2001,0
Mizan Media Utama,090/JBA/01,Jawa Barat,2001,0
Usaha Jaya Pratama,091/JBA/01,Jawa Barat,2001,0
Muara Indah,092/JBA/01,Jawa Barat,2001,0
Karya Putra Darwati,093/JBA/01,Jawa Barat,2001,0
Asy Syaamil,094/JBA/01,Jawa Barat,2001,0
Prima Netcom Inaya,095/JBA/01,Jawa Barat,2001,0
Acarya Media Utama,096/JBA/03,Jawa Barat,2003,0
Architecture & Communication (Foris Publishing),097/JBA/03,Jawa Barat,2003,0
Cendekia Paramuda Insani,098/JBA/03,Jawa Barat,2003,0
Empat Pesona,099/JBA/03,Jawa Barat,2003,0
Mutiara Qolbun Saliim,100/JBA/03,Jawa Barat,2003,0
Nexx Media,101/JBA/03,Jawa Barat,2003,0
Nuansa Cendekia,102/JBA/03,Jawa Barat,2003,0
Penerbit Jumaanatul?Aliyy-Art,103/JBA/03,Jawa Barat,2003,0
Pustaka Grafika,104/JBA/03,Jawa Barat,2003,0
Pustaka Umat,105/JBA/03,Jawa Barat,2003,0
Idola Indonesia,106/JBA/03,Jawa Barat,2003,0
Delfajar Utama,107/JBA/03,Jawa Barat,2003,0
Bangun Cipta Sejahtera,108/JBA/03,Jawa Barat,2003,0
Bangun Dinamika Sejahtera,109/JBA/03,Jawa Barat,2003,0
Cipta Cekas Grafika,110/JBA/03,Jawa Barat,2003,0
FokusMedia,111/JBA/03,Jawa Barat,2003,0
Jasa Grafika Indonesia,112/JBA/03,Jawa Barat,2003,0
Priangan Asri,113/JBA/03,Jawa Barat,2003,0
Renira Ananda,114/JBA/03,Jawa Barat,2003,0
Sekar Gambir Asri,115/JBA/03,Jawa Barat,2003,0
Bina Media Informasi,116/JBA/03,Jawa Barat,2003,0
Falah Production,117/JBA/03,Jawa Barat,2003,0
Persona,118/JBA/03,Jawa Barat,2003,0
Sarana Penunjang Pendidikan,119/JBA/03,Jawa Barat,2003,0
Habsa Jaya,120/JBA/03,Jawa Barat,2003,0
Bunaya Kreasi Multidimensi,121/JBA/03,Jawa Barat,2003,0
Palwamukti,122/JBA/03,Jawa Barat,2003,0
Vilawa,123/JBA/03,Jawa Barat,2003,0
Mitra Pustaka,124/JBA/03,Jawa Barat,2003,0
Walatra,125/JBA/03,Jawa Barat,2003,0
Niagara,126/JBA/03,Jawa Barat,2003,0
Cahaya Bahagia,127/JBA/03,Jawa Barat,2003,0
Usaha Jaya,128/JBA/03,Jawa Barat,2003,0
Pustaka Ady,129/JBA/03,Jawa Barat,2003,0
Satya Historika,130/JBA/04,Jawa Barat,2004,0
Pudak Scientific,131/JBA/04,Jawa Barat,2004,0
Putra Setia,132/JBA/04,Jawa Barat,2004,0
Sanjarindo Sarana Utama,133/JBA/04,Jawa Barat,2004,0
Unisba (Universitas Islam Bandung),134/JBA/04,Jawa Barat,2004,0
Balebat Dedikasi Prima,135/JBA/04,Jawa Barat,2004,0
Pustaka Bani Quraisy,136/JBA/04,Jawa Barat,2004,0
Granesia,137/JBA/04,Jawa Barat,2004,0
Citra Praya,138/JBA/04,Jawa Barat,2004,0
Thursina Mediana Utama,139/JBA/04,Jawa Barat,2004,0
Manajemen Qolbu Pustaka Berhikmah,140/JBA/04,Jawa Barat,2004,0
Utomo,141/JBA/04,Jawa Barat,2004,0
Simbiosa Rekatama Media,142/JBA/04,Jawa Barat,2004,0
Sinergi Pustaka Indonesia,143/JBA/04,Jawa Barat,2004,0
Mujahid Press,144/JBA/04,Jawa Barat,2004,0
Danamartha Sejahtera,145/JBA/05,Jawa Barat,2005,0
Pelita Ilmu,146/JBA/05,Jawa Barat,2005,0
Elisa Surya Dwitama,147/JBA/05,Jawa Barat,2005,0
Karya Iptek Bandung,148/JBA/05,Jawa Barat,2005,0
Khazanah Intelektual,149/JBA/06,Jawa Barat,2006,0
Irsyad Baitus Salam,150/JBA/06,Jawa Barat,2006,0
Generasi InfoMedia,151/JBA/06,Jawa Barat,2006,0
Mutiara Ilmu Bandung,152/JBA/06,Jawa Barat,2006,0
Jurnal Info Media,153/JBA/06,Jawa Barat,2006,0
Pustaka Ulumuddin,154/JBA/06,Jawa Barat,2006,0
Ink Media,155/JBA/06,Jawa Barat,2006,0
Kresna Widyaiswara,156/JBA/06,Jawa Barat,2006,0
Nuansa Aulia,157/JBA/06,Jawa Barat,2006,0
Pustaka Islamika,158/JBA/06,Jawa Barat,2006,0
Genesindo,159/JBA/06,Jawa Barat,2006,0
M-Brio Biotekindo,160/JBA/06,Jawa Barat,2006,0
Agung Ilmu,161/JBA/06,Jawa Barat,2006,0
Bina Pustaka,162/JBA/06,Jawa Barat,2006,0
Media Hidayah,163/JBA/06,Jawa Barat,2006,0
Eka Cipta Sentosa,164/JBA/06,Jawa Barat,2006,0
Bina karya,165/JBA/06,Jawa Barat,2006,0
Setia Purna Inves,166/JBA/06,Jawa Barat,2006,0
Putra Mandiri,167/JBA/07,Jawa Barat,2007,0
Prisma Esta Utama,168/JBA/08,Jawa Barat,2008,0
Mitra Sarana,169/JBA/08,Jawa Barat,2008,0
Jaya Abadi,170/JBA/08,Jawa Barat,2008,0
Sygma Examedia Arkanleema,171/JBA/08,Jawa Barat,2008,0
Imperial Bhakti Utama,172/JBA/08,Jawa Barat,2008,0
Bintang Putera Perdana,173/JBA/08,Jawa Barat,2008,0
Jabal Raudhotul Jannah (Penerbit Jabal),174/JBA/08,Jawa Barat,2008,0
Globalindo Universal Multikreasi,175/JBA/08,Jawa Barat,2008,0
Arfino Raya,176/JBA/08,Jawa Barat,2008,0
Manna Wasalwa,177/JBA/08,Jawa Barat,2008,0
Puri Pustaka,178/JBA/08,Jawa Barat,2008,0
IqraMedia,179/JBA/08,Jawa Barat,2008,0
Gaza Publishing,180/JBA/08,Jawa Barat,2008,0
Salamadani Pustaka Semesta,181/JBA/09,Jawa Barat,2009,0
Inti Media Pustaka,182/JBA/09,Jawa Barat,2009,0
Abdi Raya Utama,183/JBA/09,Jawa Barat,2009,0
Oase Mata Air Makna,184/JBA/09,Jawa Barat,2009,0
Visi Anugerah Indonesia,185/JBA/2010,Jawa Barat,2010,0
Nusa Media,186/JBA/2010,Jawa Barat,2010,0
Ardilla Books,187/JBA/2010,Jawa Barat,2010,0
Quacana Cendekia,188/JBA/2010,Jawa Barat,2010,0
Crestpent Press,189/JBA/2010,Jawa Barat,2010,0
Baruna Ilmu Indonesia,190/JBA/2010,Jawa Barat,2010,0
ABCo Sugesti Motivatindo,191/JBA/2010,Jawa Barat,2010,0
Atikan Mandiri,192/JBA/2010,Jawa Barat,2010,0
Penerbit IPB Press,193/JBA/2010,Jawa Barat,2010,0
Bintang Warliartika,194/JBA/2011,Jawa Barat,2011,0
Bagaskoro Mulia Barokah,195/JBA/2011,Jawa Barat,2011,0
Langen Sari,196/JBA/2011,Jawa Barat,2011,0
Anwar Press,197/JBA/2011,Jawa Barat,2011,0
Mitra Utama,198/JBA/2011,Jawa Barat,2011,0
Pusbitari Press,199/JBA/2011,Jawa Barat,2011,0
Bintang Anaway,200/JBA/2011,Jawa Barat,2011,0
Keni,201/JBA/2011,Jawa Barat,2011,0
Latifah Cinta Media,202/JBA/2011,Jawa Barat,2011,0
Esvira Mandiri,203/JBA/2011,Jawa Barat,2011,0
Nur Abadi,204/JBA/2011,Jawa Barat,2011,0
Bukit Mas Mulia,205/JBA/2011,Jawa Barat,2011,0
Amanah,206/JBA/2011,Jawa Barat,2011,0
Nirwana Ilmu,207/JBA/2011,Jawa Barat,2011,0
Pustaka Cendekia Utama,208/JBA/2011,Jawa Barat,2011,0
Rumah Pensil Publisher,209/JBA/2011,Jawa Barat,2011,0
Dian Cipta Sarana,210/JBA/2011,Jawa Barat,2011,0
Sarana Komunikasi Utama,211/JBA/2012,Jawa Barat,2012,0
Media Fitrah Rabbani,212/JBA/2012,Jawa Barat,2012,0
Dinar Cipta Media,213/JBA/2012,Jawa Barat,2012,0
Rudo Maiestas Tata,214/JBA/2012,Jawa Barat,2012,0
Ensiklopedia Nasional Indonesia,215/JBA/2012,Jawa Barat,2012,0
Sekolah Tinggi Kesejahteraan Sosial,216/JBA/2012,Jawa Barat,2012,0
Ikhlas Media,217/JBA/2012,Jawa Barat,2012,0
Putra Kreasi,218/JBA/2012,Jawa Barat,2012,0
Penerbit Lembaga Studi Islam Universitas Islam Bandung,219/JBA/2012,Jawa Barat,2012,0
Tiga Putra,220/JBA/2012,Jawa Barat,2012,0
Komodo Books,221/JBA/2012,Jawa Barat,2012,0
Rawansah,222/JBA/2012,Jawa Barat,2012,0
Anugerah Guna Sarana,223/JBA/2012,Jawa Barat,2012,0
Sarana Tutorial Nurani Sejahtera,224/JBA/2012,Jawa Barat,2012,0
Fahrisindo Media Utama,225/JBA/2012,Jawa Barat,2012,0
Media Pustaka Mandiri,226/JBA/2012,Jawa Barat,2012,0
Penerbit Unswagati (Universitas Swadaya Gunung Jati),227/JBA/2012,Jawa Barat,2012,0
Duta,228/JBA/2013,Jawa Barat,2013,0
Intermedia Personalia Utama,229/JBA/2013,Jawa Barat,2013,0
Dea Art Pustaka,230/JBA/2013,Jawa Barat,2013,0
Cipta Dea Pustaka,231/JBA/2013,Jawa Barat,2013,0
Wacana Gelora Cipta,232/JBA/2013,Jawa Barat,2013,0
Dua Usaha Muda,233/JBA/2013,Jawa Barat,2013,0
Graphia Buana,234/JBA/2013,Jawa Barat,2013,0
Megatama,235/JBA/2013,Jawa Barat,2013,0
Cordoba International,236/JBA/2013,Jawa Barat,2013,0
UNPAD Press,237/JBA/2013,Jawa Barat,2013,0
Graha Mulia Utama,238/JBA/2013,Jawa Barat,2013,0
Terang Mulia Abadi,239/JBA/2013,Jawa Barat,2013,0
Zikrul Hakim Bestari,240/JBA/2013,Jawa Barat,2013,0
Nusa Agung,241/JBA/2013,Jawa Barat,2013,0
Wahana Bina Prestasi,242/JBA/2013,Jawa Barat,2013,0
Widya Padjadjaran,243/JBA/2013,Jawa Barat,2013,0
Alwadi,244/JBA/2013,Jawa Barat,2013,0
Sandiarta Sukses,245/JBA/2013,Jawa Barat,2013,0
Dunia Pustaka Jaya,246/JBA/2013,Jawa Barat,2013,0
Mitra Sarana Edukasi,247/JBA/2013,Jawa Barat,2013,0
Trim Komunikata,248/JBA/2013,Jawa Barat,2013,0
Aranca Pratama,249/JBA/2013,Jawa Barat,2013,0
In Media,250/JBA/2014,Jawa Barat,2014,0
Bee Media Pustaka,251/JBA/2014,Jawa Barat,2014,0
Mulya Ilmu,252/JBA/2014,Jawa Barat,2014,0
Balai Penerbitan Braille Indonesia (BPBI) Abiyoso,253/JBA/2014,Jawa Barat,2014,0
Syariah Nurjati Press,254/JBA/2014,Jawa Barat,2014,0
Media Maxima,255/JBA/2014,Jawa Barat,2014,0
Mentari Utama Unggul,256/JBA/2014,Jawa Barat,2014,0
Penerbit Forda Press,257/JBA/2014,Jawa Barat,2014,0
Adhi Aksara Abadi Indonesia,258/JBA/2014,Jawa Barat,2014,0
Ekids,259/JBA/2014,Jawa Barat,2014,0
Teman Belajar,260/JBA/2014,Jawa Barat,2014,0
Atvan Media Utama,261/JBA/2014,Jawa Barat,2014,0
Abhiseka Pustaka Mandiri,262/JBA/2014,Jawa Barat,2014,0
Duri Delco,263/JBA/2014,Jawa Barat,2014,0
Amalia Book,264/JBA/2014,Jawa Barat,2014,0
Niaga Buku Pendidikan,265/JBA/2014,Jawa Barat,2014,0
Media Sarana Cerdas,266/JBA/2014,Jawa Barat,2014,0
Gema Buku Nusantara,267/JBA/2014,Jawa Barat,2014,0
Sarana Ilmu Pustaka,268/JBA/2014,Jawa Barat,2014,0
Mitra Edukasi Indonesia,269/JBA/2014,Jawa Barat,2014,0
RA Visindo,270/JBA/2014,Jawa Barat,2014,0
Vifa Nusantara,271/JBA/2014,Jawa Barat,2014,0
Srikandi Empat Widya Utama,272/JBA/2014,Jawa Barat,2014,0
Pustaka AndroMedia,273/JBA/2014,Jawa Barat,2014,0
Semiotika,274/JBA/2015,Jawa Barat,2015,0
Halima,275/JBA/2015,Jawa Barat,2015,0
Media Sains Nasional,276/JBA/2015,Jawa Barat,2015,0
Media Bangsa,277/JBA/2015,Jawa Barat,2015,0
Smile's Indonesia Institute,278/JBA/2015,Jawa Barat,2015,0
Adika,279/JBA/2015,Jawa Barat,2015,0
Erzatama Karya Abadi,280/JBA/2015,Jawa Barat,2015,0
Nuansa Citra Grafika,281/JBA/2015,Jawa Barat,2015,0
Pelita Edukasi,282/JBA/2015,Jawa Barat,2015,0
Yayasan Litara,283/JBA/2015,Jawa Barat,2015,0
Pro Insani Cendekia,284/JBA/2015,Jawa Barat,2015,0
Grha Cipta Media,285/JBA/2015,Jawa Barat,2015,0
Media Akselerasi,286/JBA/2015,Jawa Barat,2015,0
Smart Media Publishing,287/JBA/2015,Jawa Barat,2015,0
Marja,288/JBA/2015,Jawa Barat,2015,0
Cakrawala Harapan Jaya,289/JBA/2016,Jawa Barat,2016,0
Keira Publishing,290/JBA/2016,Jawa Barat,2016,0
Indraprasta Gemilang,291/JBA/2016,Jawa Barat,2016,0
Widya Bhakti Nusantara,292/JBA/2016,Jawa Barat,2016,0
Confident,293/JBA/2016,Jawa Barat,2016,0
Riugha Edu Pustaka,294/JBA/2016,Jawa Barat,2016,0
Penerbit UIKA Press,295/JBA/2016,Jawa Barat,2016,0
Goresan Pena,296/JBA/2016,Jawa Barat,2016,0
Patra Media Grafindo,297/JBA/2016,Jawa Barat,2016,0
Vidya Mandiri,298/JBA/2016,Jawa Barat,2016,0
Manggu Makmur Tanjung Lestari CV,299/JBA/2017,Jawa Barat,2017,0
Mukti Warna Grafika,300/JBA/2017,Jawa Barat,2017,0
Mizan Bunaya Kreativa,301/JBA/2017,Jawa Barat,2017,0
Penerbit LPPM STMIK-DCI,302/Anggota Luar Biasa/JBA/2017,Jawa Barat,2017,1
Miracle Gate (MG Publisher),303/JBA/2017,Jawa Barat,2017,0
Rizqi,304/JBA/2017,Jawa Barat,2017,0
Azzahra,305/JBA/2017,Jawa Barat,2017,0
MDP Media,306/JBA/2017,Jawa Barat,2017,0
Cakra,307/JBA/2017,Jawa Barat,2017,0
Cahaya Bersaudara Maju Bersama,308/JBA/2018,Jawa Barat,2018,0
Aneka,001/JTE/87,Jawa Tengah,1987,0
Aneka Ilmu,002/JTE/82,Jawa Tengah,1982,0
Asy Syifa,003/JTE/93,Jawa Tengah,1993,0
Bina Pratama,004/JTE/94,Jawa Tengah,1994,0
Buana Raya,005/JTE/94,Jawa Tengah,1994,0
Cempaka Putih,006/JTE/93,Jawa Tengah,1993,0
Cendrawasih,007/JTE/93,Jawa Tengah,1993,0
Dian Artha,008/JTE/94,Jawa Tengah,1994,0
Dita Nugraha,009/JTE/97,Jawa Tengah,1997,0
Effhar Coy Ltd,010/JTE/78,Jawa Tengah,1978,0
Fortuna Eka Jaya,011/JTE/91,Jawa Tengah,1991,0
Grafika Baru,012/JTE/96,Jawa Tengah,1996,0
Harapan Baru,013/JTE/96,Jawa Tengah,1996,0
Ikip Semarang Press (pindah),014/JTE/93,Jawa Tengah,1993,0
Indonesia Tera,015/JTE/00,Jawa Tengah,2000,0
Intan Pariwara,016/JTE/79,Jawa Tengah,1979,0
Inter Wacana Niagatama,017/JTE/01,Jawa Tengah,2001,0
Jodipati Luhur,018/JTE/94,Jawa Tengah,1994,0
Karya Toha Putra,019/JTE/78,Jawa Tengah,1978,0
Mandira,020/JTE/82,Jawa Tengah,1982,0
Mandira Jaya Abadi,021/JTE/82,Jawa Tengah,1982,0
Mayasari,022/JTE/82,Jawa Tengah,1982,0
Mediatama,023/JTE/00,Jawa Tengah,2000,0
Mefi Caraka,024/JTE/00,Jawa Tengah,2000,0
Menara Kudus,025/JTE/82,Jawa Tengah,1982,0
Muhammadiyah University Press,026/JTE/00,Jawa Tengah,2000,0
Mutiara Persada,027/JTE/93,Jawa Tengah,1993,0
Nindita,028/JTE/86,Jawa Tengah,1986,0
Pabelan,029/JTE/86,Jawa Tengah,1986,0
Pustaka Mantiq,030/JTE/91,Jawa Tengah,1991,0
Pustaka Rizky Putra,031/JTE/00,Jawa Tengah,2000,0
Putera,032/JTE/99,Jawa Tengah,1999,0
Pustaka Ramadhani,033/JTE/86,Jawa Tengah,1986,0
Sahabat,034/JTE/94,Jawa Tengah,1994,0
Seti-Aji,035/JTE/84,Jawa Tengah,1984,0
Sindur Press,036/JTE/96,Jawa Tengah,1996,0
Surya Angkasa,037/JTE/91,Jawa Tengah,1991,0
Surya Sayekti Adi Prakasa,038/JTE/99,Jawa Tengah,1999,0
Tanjung Mas Inti,039/JTE/96,Jawa Tengah,1996,0
Teguh Karya,040/JTE/90,Jawa Tengah,1990,0
Telapak,041/JTE/90,Jawa Tengah,1990,0
Tiga Serangkai Pustaka Mandiri,042/JTE/81,Jawa Tengah,1981,0
Tunas Abadi,043/JTE/93,Jawa Tengah,1993,0
Tunggul Kharisma,044/JTE/94,Jawa Tengah,1994,0
UNS Press (Universitas Negeri 11 Maret),045/JTE/96,Jawa Tengah,1996,0
Wicaksana,046/JTE/86,Jawa Tengah,1986,0
Widya Duta Grafika,047/JTE/82,Jawa Tengah,1982,0
Grahadi,048/JTE/01,Jawa Tengah,2001,0
Era Adicitra InterMedia,049/JTE/01,Jawa Tengah,2001,0
Graha Multi Grafika,050/JTE/01,Jawa Tengah,2001,0
Puspa Inti Mandiri,051/JTE/02,Jawa Tengah,2002,0
Wanda Putra Persada,052/JTE/02,Jawa Tengah,2002,0
Media Injil Kerajaan,053/JTE/02,Jawa Tengah,2002,0
Nrima Karya,054/JTE/02,Jawa Tengah,2002,0
Saudara,055/JTE/03,Jawa Tengah,2003,0
Putra Sukses,056/JTE/03,Jawa Tengah,2003,0
Setia Kawan,057/JTE/03,Jawa Tengah,2003,0
Sahabat,058/JTE/03,Jawa Tengah,2003,0
Macanan Jaya Cemerlang,059/JTE/03,Jawa Tengah,2003,0
Masscom Media,060/JTE/03,Jawa Tengah,2003,0
Bengawan Ilmu,061/JTE/04,Jawa Tengah,2004,0
Arakhman,062/JTE/04,Jawa Tengah,2004,0
Pustaka Zawiyah,063/JTE/04,Jawa Tengah,2004,0
Usaha Makmur,064/JTE/04,Jawa Tengah,2004,0
Pratama Yudha,065/JTE/04,Jawa Tengah,2004,0
Masscom Graphy,066/JTE/04,Jawa Tengah,2004,0
Gema Nusa,067/JTE/04,Jawa Tengah,2004,0
Pustaka Bengawan,068/JTE/05,Jawa Tengah,2005,0
Manunggal Jaya,069/JTE/05,Jawa Tengah,2005,0
Hafamira,070/JTE/05,Jawa Tengah,2005,0
Putra Nugraha,071/JTE/05,Jawa Tengah,2005,0
Inti Prima Aksara,072/JTE/05,Jawa Tengah,2005,0
Bintang Pustaka Abadi,073/JTE/05,Jawa Tengah,2005,0
Haka MJ,074/JTE/05,Jawa Tengah,2005,0
Obor Sewu Mandiri,075/JTE/05,Jawa Tengah,2005,0
Media Karya Putra,076/JTE/05,Jawa Tengah,2005,0
Wangsa Jatra Lestari,077/JTE/05,Jawa Tengah,2005,0
Sindunata,078/JTE/05,Jawa Tengah,2005,0
Tri Rama,079/JTE/05,Jawa Tengah,2005,0
Saka Mitra Kompentensi,080/JTE/05,Jawa Tengah,2005,0
Wildan Pustaka Salam,081/JTE/05,Jawa Tengah,2005,0
Prima Grafika,082/JTE/05,Jawa Tengah,2005,0
Universitas Dian Nuswantoro (Udinus),083/JTE/06,Jawa Tengah,2006,0
Aridas Karya Satria,084/JTE/06,Jawa Tengah,2006,0
Pustaka Manggala,085/JTE/06,Jawa Tengah,2006,0
Hamudha Prima Media,086/JTE/06,Jawa Tengah,2006,0
Prestasi Agung Pratama,087/JTE/06,Jawa Tengah,2006,0
Cipta Pustaka,088/JTE/06,Jawa Tengah,2006,0
Ita Surakarta,089/JTE/06,Jawa Tengah,2006,0
Putra Kertonatan,090/JTE/06,Jawa Tengah,2006,0
Sinar Mandiri,091/JTE/06,Jawa Tengah,2006,0
Sekawan Cipta Karya,092/JTE/06,Jawa Tengah,2006,0
Gema Ilmu,093/JTE/06,Jawa Tengah,2006,0
Cahaya Mentari,094/JTE/06,Jawa Tengah,2006,0
Maulana,095/JTE/06,Jawa Tengah,2006,0
Kharisma Putra,096/JTE/06,Jawa Tengah,2006,0
Media Semesta,097/JTE/06,Jawa Tengah,2006,0
Rizki Mandiri,098/JTE/06,Jawa Tengah,2006,0
Ghyyas Putra,099/JTE/06,Jawa Tengah,2006,0
Cahaya Pustaka,100/JTE/06,Jawa Tengah,2006,0
Pustaka Indah,101/JTE/06,Jawa Tengah,2006,0
Perusda Percada,102/JTE/06,Jawa Tengah,2006,0
Mitra Media Pustaka,103/JTE/06,Jawa Tengah,2006,0
Citra Pustaka,104/JTE/06,Jawa Tengah,2006,0
Trijaya Utama,105/JTE/06,Jawa Tengah,2006,0
Duta Nusindo,106/JTE/07,Jawa Tengah,2007,0
Mabadi Sejahtera,107/JTE/07,Jawa Tengah,2007,0
Era Pustaka Utama,108/JTE/07,Jawa Tengah,2007,0
Media Insani Press,109/JTE/07,Jawa Tengah,2007,0
Harapan Makmur Abadi,110/JTE/07,Jawa Tengah,2007,0
Tri Harapan Karya,111/JTE/07,Jawa Tengah,2007,0
Arjuna,112/JTE/07,Jawa Tengah,2007,0
Perdana,113/JTE/07,Jawa Tengah,2007,0
Deriko,114/JTE/07,Jawa Tengah,2007,0
Suara Media Sejahtera,115/JTE/08,Jawa Tengah,2008,0
Bima Sejati,116/JTE/08,Jawa Tengah,2008,0
Widya Karya,117/JTE/08,Jawa Tengah,2008,0
Adhigama Sentosa,118/JTE/08,Jawa Tengah,2008,0
Pratama Mitra Aksara,119/JTE/08,Jawa Tengah,2008,0
Pusakamas Muliapersada,120/JTE/09,Jawa Tengah,2009,0
Intan Sejati Klaten,121/JTE/09,Jawa Tengah,2009,0
Pustaka Firdaus Utama,122/JTE/09,Jawa Tengah,2009,0
Rahma Media Pustaka,123/JTE/09,Jawa Tengah,2009,0
Indiva Media Kreasi,124/JTE/09,Jawa Tengah,2009,0
Sarana Ilmu,125/JTE/09,Jawa Tengah,2009,0
Katta Eltoros Sejahtera,126/JTE/09,Jawa Tengah,2009,0
Azet Media Paramitra,127/JTE/2010,Jawa Tengah,2010,0
Usaha Mandiri,128/JTE/2010,Jawa Tengah,2010,0
Pura Barutama,129/JTE/2010,Jawa Tengah,2010,0
Grafika Dua Tujuh,130/JTE/2011,Jawa Tengah,2011,0
Sinar Cemerlang Abadi,131/JTE/2011,Jawa Tengah,2011,0
Viva Pakarindo,132/JTE/2013,Jawa Tengah,2013,0
Media Kreasi,133/JTE/2013,Jawa Tengah,2013,0
Panca Buana Kreasitama,134/JTE/2013,Jawa Tengah,2013,0
Hasan Pratama,135/JTE/2013,Jawa Tengah,2013,0
Cahaya Pena,136/JTE/2013,Jawa Tengah,2013,0
Pustaka Pawiyatan,137/JTE/2014,Jawa Tengah,2014,0
Pustaka Purwonegaran,138/JTE/2014,Jawa Tengah,2014,0
Pustaka Diponegoro,139/JTE/2014,Jawa Tengah,2014,0
Tiga Media Prima,140/JTE/2014,Jawa Tengah,2014,0
Aksarra Sinergi Media,141/JTE/2014,Jawa Tengah,2014,0
Produktif,142/JTE/2014,Jawa Tengah,2014,0
Adi Citra Cemerlang,143/JTE/2014,Jawa Tengah,2014,0
Borobudur Inspira Nusantara,144/JTE/2014,Jawa Tengah,2014,0
Putra Nugraha Sentosa,145/JTE/2014,Jawa Tengah,2014,0
Sarnu Untung,146/JTE/2015,Jawa Tengah,2015,0
Media Agung,147/JTE/2016,Jawa Tengah,2016,0
Sinergi Prima Magna,148/JTE/2016,Jawa Tengah,2016,0
Graha Printama Selaras,149/JTE/2016,Jawa Tengah,2016,0
Alifia Hasna Nabila Publishing,150/JTE/2016,Jawa Tengah,2016,0
Rafi Sarana Perkasa,151/JTE/2016,Jawa Tengah,2016,0
Surya Grafika Mandiri,152/JTE/2017,Jawa Tengah,2017,0
Dino Mandiri,153/JTE/2017,Jawa Tengah,2017,0
Ziyad Visi Media,154/JTE/2017,Jawa Tengah,2017,0
Abadi Zam Zam,155/JTE/2017,Jawa Tengah,2017,0
Citra Cendrawasih Cerdas,156/JTE/2017,Jawa Tengah,2017,0
Tirta Asih Jaya,157/JTE/2017,Jawa Tengah,2017,0
Kelompok Peningkatan Potensi Siswa (KPPS),158/JTE/2017,Jawa Tengah,2017,0
International Research and Development for Human Beings (IRDH),159/JTE/2017,Jawa Tengah,2017,0
Aksara Solopos,160/JTE/2017,Jawa Tengah,2017,0
Nugra Media,161/JTE/2017,Jawa Tengah,2017,0
Saraswati Nitisara,162/JTE/2017,Jawa Tengah,2017,0
Airlangga University Press,001/JTI/95,Jawa Timur,1995,0
Amanah,002/JTI/97,Jawa Timur,1997,0
Angkasa Multi Karya,003/JTI/94,Jawa Timur,1994,0
Anugerah Persada,004/JTI/00,Jawa Timur,2000,0
Apollo Lestari Surabaya,005/JTI/94,Jawa Timur,1994,0
Artika Cipta,006/JTI/00,Jawa Timur,2000,0
Asrori,007/JTI/00,Jawa Timur,2000,0
Bina Ilmu,008/JTI/95,Jawa Timur,1995,0
Bina Pendidikan Indonesia,009/JTI/00,Jawa Timur,2000,0
Bina Pustaka Tama,010/JTI/89,Jawa Timur,1989,0
Bintang,011/JTI/95,Jawa Timur,1995,0
Bintang Pelajar,012/JTI/85,Jawa Timur,1985,0
Cemara Indah Abadi,013/JTI/94,Jawa Timur,1994,0
Cipta Anugerah,014/JTI/00,Jawa Timur,2000,0
Citra Malang,015/JTI/98,Jawa Timur,1998,0
Citra Pelajar Group,016/JTI/01,Jawa Timur,2001,0
Universitas Brawijaya Press,017/JTI/94,Jawa Timur,1994,0
Penerbit Dioma,018/JTI/94,Jawa Timur,1994,0
Djojobojo,019/JTI/?,Jawa Timur,,0
Duta Graha Pustaka,020/JTI/94,Jawa Timur,1994,0
Duta Karya,021/JTI/96,Jawa Timur,1996,0
Edumassa,022/JTI/93,Jawa Timur,1993,0
EduMedia,023/JTI/83,Jawa Timur,1983,0
Express,024/JTI/80,Jawa Timur,1980,0
Galeri Wacana,026/JTI/01,Jawa Timur,2001,0
Garoeda,027/JTI/80,Jawa Timur,1980,0
Garoeda Buana Indah,028/JTI/97,Jawa Timur,1997,0
Guyub Rukun Ing Panguripan,029/JTI/97,Jawa Timur,1997,0
Indo Prima Sarana,030/JTI/96,Jawa Timur,1996,0
Indra Media,031/JTI/01,Jawa Timur,2001,0
Insan Cendekia,032/JTI/00,Jawa Timur,2000,0
Kartika Mulya,033/JTI/99,Jawa Timur,1999,0
Karunia,034/JTI/69,Jawa Timur,1969,0
Kartika Indah,035/JTI/01,Jawa Timur,2001,0
Karya Anda,036/JTI/80,Jawa Timur,1980,0
Karya Pembina Swajaya,037/JTI/91,Jawa Timur,1991,0
Lilin Manira,038/JTI/00,Jawa Timur,2000,0
Media Alas Dayu,039/JTI/94,Jawa Timur,1994,0
Nusa Jaya,040/JTI/00,Jawa Timur,2000,0
Panca Pudjibangun,041/JTI/00,Jawa Timur,2000,0
Pancaran Semangat Jaya,042/JTI/82,Jawa Timur,1982,0
Paramita,043/JTI/94,Jawa Timur,1994,0
Paramitra Pustaka,044/JTI/00,Jawa Timur,2000,0
Pilar Bambu Kuning,045/JTI/00,Jawa Timur,2000,0
Pustaka Agung,046/JTI/01,Jawa Timur,2001,0
Pustaka Melati,047/JTI/94,Jawa Timur,1994,0
Ridaka,048/JTI/94,Jawa Timur,1994,0
Sarana Grafika,049/JTI/00,Jawa Timur,2000,0
Sinar Wijaya,050/JTI/82,Jawa Timur,1982,0
Surabaya Intelectual Club,051/JTI/93,Jawa Timur,1993,0
Surya Raya,052/JTI/94,Jawa Timur,1994,0
Tatiana Dewi Persada,053/JTI/00,Jawa Timur,2000,0
Tiga Dua,054/JTI/97,Jawa Timur,1997,0
Tri Karya,055/JTI/97,Jawa Timur,1997,0
Trijaya Pustakaraya,056/JTI/98,Jawa Timur,1998,0
Tropodo Jaya Lestari,057/JTI/00,Jawa Timur,2000,0
Trubus Agrisarana,058/JTI/96,Jawa Timur,1996,0
Universitas Negeri Malang,059/JTI/89,Jawa Timur,1989,0
Universitas Negeri Surabaya (Unesa University Press),060/JTI/97,Jawa Timur,1997,0
Wahana Ilmu,061/JTI/00,Jawa Timur,2000,0
Widyantara Adipustaka,062/JTI/93,Jawa Timur,1993,0
Yanizar Group,063/JTI/01,Jawa Timur,2001,0
Surya Aksara,064/JTI/01,Jawa Timur,2001,0
Gradita Utama,065/JTI/01,Jawa Timur,2001,0
Dian Murni Sejati,066/JTI/01,Jawa Timur,2001,0
Adhy Karya Pustaka,067/JTI/01,Jawa Timur,2001,0
Tiara Mega,068/JTI/02,Jawa Timur,2002,0
Sigma Media,069/JTI/02,Jawa Timur,2002,0
Mulia Abadi,070/JTI/02,Jawa Timur,2002,0
Damar Dipaka,071/JTI/02,Jawa Timur,2002,0
Halim Qur'an Publishing,072/JTI/02,Jawa Timur,2002,0
Adis,073/JTI/02,Jawa Timur,2002,0
Karya Utama,075/JTI/02,Jawa Timur,2002,0
Cipta Usaha Makmur,076/JTI/03,Jawa Timur,2003,0
Citra Adiwarna,077/JTI/03,Jawa Timur,2003,0
Multi Computer & Business Education,078/JTI/03,Jawa Timur,2003,0
Pustaka Lintas Budaya,079/JTI/03,Jawa Timur,2003,0
Pustaka Hikmah Perdana,080/JTI/03,Jawa Timur,2003,0
Bayumedia Publishing CV,081/JTI/03,Jawa Timur,2003,0
Terbit Terang,082/JTI/04,Jawa Timur,2004,0
Media Ilmu,083/JTI/04,Jawa Timur,2004,0
Berkah,084/JTI/05,Jawa Timur,2005,0
JEPE Press Media Utama (JP Books),085/JTI/05,Jawa Timur,2005,0
Adi Perkasa,087/JTI/05,Jawa Timur,2005,0
Gani & Son,088/JTI/06,Jawa Timur,2006,0
Pustaka Sarana Media,090/JTI/06,Jawa Timur,2006,0
Karya Bhakti Utama CV.,091/JTI/06,Jawa Timur,2006,0
Catur Sakti Madya,092/JTI/06,Jawa Timur,2006,0
Alfina Primatama,093/JTI/06,Jawa Timur,2006,0
Dunia Ilmu,094/JTI/06,Jawa Timur,2006,0
Iravi Jaya,095/JTI/07,Jawa Timur,2007,0
Kahuripan Grafika,096/JTI/07,Jawa Timur,2007,0
Mahardhika,097/JTI/07,Jawa Timur,2007,0
Bimantara Aluugoda Sejahtera,099/JTI/07,Jawa Timur,2007,0
Pelita Hati,100/JTI/07,Jawa Timur,2007,0
Dian Prima Lestari,101/JTI/07,Jawa Timur,2007,0
Delta Agung Jaya,102/JTI/07,Jawa Timur,2007,0
Graha Ilmu Mulia CV.,103/JTI/08,Jawa Timur,2008,0
Universitas Islam Negeri Malang Press,104/JTI/08,Jawa Timur,2008,0
Menuju Insan Cemerlang PT.,105/JTI/08,Jawa Timur,2008,0
Duta Prima Airlangga,106/JTI/08,Jawa Timur,2008,0
Laa Tasyuk Press,107/JTI/08,Jawa Timur,2008,0
Elba Fitrah Mandiri Sejahtera,109/JTI/08,Jawa Timur,2008,0
Masmedia Buana Pustaka,110/JTI/09,Jawa Timur,2009,0
Surya Pena Gemilang,111/JTI/09,Jawa Timur,2009,0
Duta Aksara Mulia,114/JTI/09,Jawa Timur,2009,0
Wineka Media,115/JTI/09,Jawa Timur,2009,0
Iranti Mitra Utama,116/JTI/2010,Jawa Timur,2010,0
Sinar Ilmu Peraga,118/JTI/2010,Jawa Timur,2010,0
Elang Mas,119/JTI/2010,Jawa Timur,2010,0
Tunggal Mandiri,120/JTI/2010,Jawa Timur,2010,0
Malak,122/JTI/2010,Jawa Timur,2010,0
Wina Press,123/JTI/2010,Jawa Timur,2010,0
Abdikarya,124/JTI/2010,Jawa Timur,2010,0
Putra Media Nusantara,125/JTI/2010,Jawa Timur,2010,0
Arta Sarana Media,126/JTI/2010,Jawa Timur,2010,0
Jember University Press,127/JTI/2011,Jawa Timur,2011,0
Universitas Wisnuwardhana Press (Unidha Press),128/JTI/2011,Jawa Timur,2011,0
Laksbang Justitia,129/JTI/2011,Jawa Timur,2011,0
Pustaka Progresif,130/JTI/2011,Jawa Timur,2011,0
Misykat Indonesia,131/JTI/2011,Jawa Timur,2011,0
Widya Satria,132/JTI/2011,Jawa Timur,2011,0
Kharisma Mandiri,133/JTI/2011,Jawa Timur,2011,0
UIN Sunan Ampel Press,134/JTI/2011,Jawa Timur,2011,0
Universitas Kanjuruhan Malang,135/JTI/2011,Jawa Timur,2011,0
Bintang Sejahtera (Bintang Media Press),136/JTI/2011,Jawa Timur,2011,0
Salsabila Putra Pratama,137/JTI/2011,Jawa Timur,2011,0
Lembaga Pengembangan Sumber Daya Manusia (LPSDM) Serva Minora,138/JTI/2011,Jawa Timur,2011,0
Widya Karya,139/JTI/2011,Jawa Timur,2011,0
Cita Intrans Selaras,140/JTI/2012,Jawa Timur,2012,0
Jenggala Pustaka Utama,141/JTI/2012,Jawa Timur,2012,0
Citra Media,142/JTI/2012,Jawa Timur,2012,0
Candra Kirana,143/JTI/2012,Jawa Timur,2012,0
Tirto Arum,144/JTI/2012,Jawa Timur,2012,0
R.A.De. Rozarie,146/JTI/2013,Jawa Timur,2013,0
Kaf-Nun,147/JTI/2013,Jawa Timur,2013,0
Dwiputra Pustaka Jaya,148/JTI/2013,Jawa Timur,2013,0
Zifatama Jawara,149/JTI/2013,Jawa Timur,2013,0
Pustaka Insan Cemerlang,150/JTI/2014,Jawa Timur,2014,0
Kapasari-Tri Wijaya Sentosa,151/JTI/2014,Jawa Timur,2014,0
STAINA PRESS,152/JTI/2014,Jawa Timur,2014,0
Genius Media,153/JTI/2014,Jawa Timur,2014,0
Jagad Ali Mussirry,154/JTI/2014,Jawa Timur,2014,0
Nayya Grafika,155/JTI/2014,Jawa Timur,2014,0
Cerdas Ulet Kreatif,156/JTI/2014,Jawa Timur,2014,0
Revka Petra Media,157/JTI/2014,Jawa Timur,2014,0
Dream Litera Buana,158/JTI/2015,Jawa Timur,2015,0
Sinergi Nur,159/JTI/2015,Jawa Timur,2015,0
Latif Kitto Mahesa,160/JTI/2015,Jawa Timur,2015,0
Alfasyam Jaya Mandiri,161/JTI/2015,Jawa Timur,2015,0
MNC Publishing,162/JTI/2015,Jawa Timur,2015,0
Berkat Mukmin Mandiri,163/JTI/2015,Jawa Timur,2015,0
Genta Mandiri Globalindo,164/JTI/2015,Jawa Timur,2015,0
Selaras Media Kreasindo,165/JTI/2015,Jawa Timur,2015,0
Nizamia Learning Center (NLC),166/JTI/2016,Jawa Timur,2016,0
Andhum Berkat,167/JTI/2016,Jawa Timur,2016,0
UNIDA Gontor Press,168/JTI/2016,Jawa Timur,2016,0
Qualifa Berkah Mulia,169/JTI/2016,Jawa Timur,2016,0
Media Prestasi,170/JTI/2016,Jawa Timur,2016,0
Dalle Nurul Utama,171/JTI/2016,Jawa Timur,2016,0
Miza Mediatama,172/JTI/2016,Jawa Timur,2016,0
Multi Media,173/JTI/2016,Jawa Timur,2016,0
Alpha,174/JTI/2016,Jawa Timur,2016,0
MIA,175/JTI/2016,Jawa Timur,2016,0
Ampuh Multi Rejeki,176/JTI/2016,Jawa Timur,2016,0
Polinema Press,177/JTI/2017,Jawa Timur,2017,0
Unusida Press and Publisher,178/Anggota Luar Biasa/JTI/2017,Jawa Timur,2017,1
Reality Publisher,179/JTI/2017,Jawa Timur,2017,0
Duta Media Publishing,180/JTI/2017,Jawa Timur,2017,0
Graniti,181/JTI/2017,Jawa Timur,2017,0
Wade Group,182/JTI/2017,Jawa Timur,2017,0
UMM Press,183/Anggota Luar Biasa/JTI/2017,Jawa Timur,2017,1
Muara Karya,184/JTI/2017,Jawa Timur,2017,0
Pustaka Abadi,185/JTI/2017,Jawa Timur,2017,0
Universitas Muhammadiyah Ponorogo Press (UNMUH Ponorogo Press),186/Anggota Luar Biasa/JTI/2017,Jawa Timur,2017,1
Nauval Pustaka,187/JTI/2017,Jawa Timur,2017,0
Kresna Bina Insan Prima,188/JTI/2017,Jawa Timur,2017,0
UMG Press,189/Anggota Luar Biasa/JTI/2017,Jawa Timur,2017,1
Prima Putra Pratama,190/JTI/2017,Jawa Timur,2017,0
Bayu Mandiri,191/JTI/2017,Jawa Timur,2017,0
Pustaka Mediaguru,192/JTI/2017,Jawa Timur,2017,0
Al Maidah,193/JTI/2017,Jawa Timur,2017,0
UPT Percetakan ITS (ITS Press),194/Anggota Luar Biasa/JTI/2017,Jawa Timur,2017,1
Indomedia Pustaka,195/JTI/2018,Jawa Timur,2018,0
Adicita Karya Nusa,001/DIY/99,DI Yogyakarta,1999,0
Adinda Tuti Kinasih,002/DIY/01,DI Yogyakarta,2001,0
Aditya Media,003/DIY/94,DI Yogyakarta,1994,0
Analisa,004/DIY/01,DI Yogyakarta,2001,0
Andi Offset,005/DIY/85,DI Yogyakarta,1985,0
Andi Yayasan,006/DIY/92,DI Yogyakarta,1992,0
Bayu Indra Grafika,007/DIY/96,DI Yogyakarta,1996,0
Bhakti Profesindo (BPFE Yogyakarta),008/DIY/87,DI Yogyakarta,1987,0
BP. Kedaulatan Rakyat,009/DIY/81,DI Yogyakarta,1981,0
Dana Bhakti Prima Yasa,010/DIY/92,DI Yogyakarta,1992,0
Duta Wacana University Press,011/DIY/94,DI Yogyakarta,1994,0
UGM Press/Gadjah Mada University Press,012/DIY/90,DI Yogyakarta,1990,0
Galang Media Utama,013/DIY/01,DI Yogyakarta,2001,0
Gama Exacta,014/DIY/93,DI Yogyakarta,1993,0
Gama Media,015/DIY/98,DI Yogyakarta,1998,0
Graha Ilmu,016/DIY/01,DI Yogyakarta,2001,0
Hidayat,017/DIY/01,DI Yogyakarta,2001,0
Kaliwangi,018/DIY/01,DI Yogyakarta,2001,0
Kanisius,019/DIY/68,DI Yogyakarta,1968,0
Karyono,020/DIY/94,DI Yogyakarta,1994,0
Kota Kembang,021/DIY/81,DI Yogyakarta,1981,0
Liberty,022/DIY/94,DI Yogyakarta,1994,0
Lukman Mitra Grafindo,023/DIY/85,DI Yogyakarta,1985,0
Media Pressindo,024/DIY/00,DI Yogyakarta,2000,0
Mitra Gama Widya,025/DIY/89,DI Yogyakarta,1989,0
Persatuan,026/DIY/68,DI Yogyakarta,1968,0
Pustaka Nusatama,027/DIY/96,DI Yogyakarta,1996,0
Pustaka Pelajar,028/DIY/95,DI Yogyakarta,1995,0
Sasmita Utama,029/DIY/01,DI Yogyakarta,2001,0
Sumbangsih Offset,030/DIY/90,DI Yogyakarta,1990,0
Taman Pustaka Kristen Yogyakarta,031/DIY/92,DI Yogyakarta,1992,0
Tamansiswa,032/DIY/98,DI Yogyakarta,1998,0
Tarawang,033/DIY/00,DI Yogyakarta,2000,0
Tiara Wacana,034/DIY/92,DI Yogyakarta,1992,0
Universitas Islam Indonesia Press,035/DIY/99,DI Yogyakarta,1999,0
Victory Jaya Abadi,036/DIY/92,DI Yogyakarta,1992,0
Multi Karya Grafika,037/DIY/01,DI Yogyakarta,2001,0
Navila,038/DIY/01,DI Yogyakarta,2001,0
Lembaga Kajian Islam Dan Sosial (LKIS),039/DIY/01,DI Yogyakarta,2001,0
Madyan Press (Pindah Alamat),040/DIY/02,DI Yogyakarta,2002,0
Mawar Merah,041/DIY/02,DI Yogyakarta,2002,0
Gava Media,042/DIY/02,DI Yogyakarta,2002,0
Citra Aji Parama,043/DIY/03,DI Yogyakarta,2003,0
Anindya,044/DIY/05,DI Yogyakarta,2005,0
Nuansa Pilar Media,045/DIY/05,DI Yogyakarta,2005,0
Gloria Usaha Mulia,046/DIY/05,DI Yogyakarta,2005,0
Jalasutra,047/DIY/05,DI Yogyakarta,2005,0
Pustaka Insan Madani,048/DIY/06,DI Yogyakarta,2006,0
Citra Media,049/DIY/06,DI Yogyakarta,2006,0
Bentang Pustaka,050/DIY/06,DI Yogyakarta,2006,0
Absolut,051/DIY/06,DI Yogyakarta,2006,0
Empat Pilar Pendidikan,052/DIY/06,DI Yogyakarta,2006,0
Gitanagari,053/DIY/06,DI Yogyakarta,2006,0
Intersolusi Pressindo,054/DIY/06,DI Yogyakarta,2006,0
Diva Press,055/DIY/06,DI Yogyakarta,2006,0
Klein Press,056/DIY/08,DI Yogyakarta,2008,0
Kepel Communication,057/DIY/08,DI Yogyakarta,2008,0
Cahaya Bintang,058/DIY/08,DI Yogyakarta,2008,0
STIM YKPN,059/DIY/08,DI Yogyakarta,2008,0
Kompetensi Terapan Sinergi Pustaka,060/DIY/08,DI Yogyakarta,2008,0
Ar-Ruzz Media,061/DIY/08,DI Yogyakarta,2008,0
Diandra Primamitra Media,062/DIY/08,DI Yogyakarta,2008,0
Balai Besar Penelitian dan Pengembangan Pelayanan Kesejahteraan Sosial (B2P3KS),063/DIY/09,DI Yogyakarta,2009,0
Elmatera Publishing,064/DIY/09,DI Yogyakarta,2009,0
Kreasi Total Media,065/DIY/09,DI Yogyakarta,2009,0
Cipta Media,066/DIY/2010,DI Yogyakarta,2010,0
Kurnia Kalam Semesta,067/DIY/2010,DI Yogyakarta,2010,0
Cahaya Dua Permata,068/DIY/2010,DI Yogyakarta,2010,0
Lintang Pustaka Grafika,069/DIY/2011,DI Yogyakarta,2011,0
Skripta Media Creative,070/DIY/2011,DI Yogyakarta,2011,0
Aswaja Pressindo,071/DIY/2011,DI Yogyakarta,2011,0
LKIS Pustaka Pesantren,072/DIY/2011,DI Yogyakarta,2011,0
Relasi Inti Media,073/DIY/2011,DI Yogyakarta,2011,0
Penerbit Ombak,074/DIY/2012,DI Yogyakarta,2012,0
IllumiNation Publishing,075/DIY/2012,DI Yogyakarta,2012,0
Budi Utama,076/DIY/2012,DI Yogyakarta,2012,0
Unit Penerbit Sekolah Pascasarjana Universitas Gadjah Mada,077/DIY/2012,DI Yogyakarta,2012,0
Azzagrafika,078/DIY/2012,DI Yogyakarta,2012,0
Pinus Book Publisher,079/DIY/2012,DI Yogyakarta,2012,0
Cakrawala Media,080/DIY/2012,DI Yogyakarta,2012,0
Ganda Buku,081/DIY/2013,DI Yogyakarta,2013,0
Pustaka Ilmu Group,082/DIY/2013,DI Yogyakarta,2013,0
UNY Press,083/DIY/2013,DI Yogyakarta,2013,0
Samudra Biru,084/DIY/2013,DI Yogyakarta,2013,0
Kaukaba Dipantara,085/DIY/2013,DI Yogyakarta,2013,0
Pohon Cahaya,086/DIY/2014,DI Yogyakarta,2014,0
Arti Bumi Intaran,087/DIY/2014,DI Yogyakarta,2014,0
Taka Publishers,088/DIY/2014,DI Yogyakarta,2014,0
Concart,089/DIY/2015,DI Yogyakarta,2015,0
Lingkarantarnusa,090/DIY/2015,DI Yogyakarta,2015,0
Lintang Pustaka Utama,091/DIY/2015,DI Yogyakarta,2015,0
Ifada Initiatives,092/DIY/2015,DI Yogyakarta,2015,0
Graha Literata,093/DIY/2016,DI Yogyakarta,2016,0
Iqro Indonesia Global,094/DIY/2016,DI Yogyakarta,2016,0
Integral Offset,095/DIY/2016,DI Yogyakarta,2016,0
Global Pustaka Utama,096/DIY/2017,DI Yogyakarta,2017,0
Ecologia Press,097/DIY/2017,DI Yogyakarta,2017,0
Gosyen Publishing,098/DIY/2017,DI Yogyakarta,2017,0
Grafika Indah,099/DIY/2017,DI Yogyakarta,2017,0
Penerbit Universitas Islam Indonesia (UII),100/Angg. Luar Biasa/DIY/2017,DI Yogyakarta,2017,1
INDOLITERASI,101/DIY/2018,DI Yogyakarta,2018,0
Rosyaf Liwa Mandiri,001/LPU/03,Lampung,2003,0
Anugrah Hikmah,002/LPU/08,Lampung,2008,0
Anugrah Utama Raharja (Aura Publishing),003/LPU/13,Lampung,2013,0
Penerbit Harakindo,004/LPU/13,Lampung,2013,0
Laduny Alifatama (Penerbit Laduny),005/LPU/13,Lampung,2013,0
Zamzam Tower,006/LPU/2017,Lampung,2017,0
Penerbit & Percetakan Universitas Sriwijaya,001/SMS/96,Sumatra Selatan,1996,0
Al Mukhtar,002/SMS/97,Sumatra Selatan,1997,0
Dempo Prima,003/SMS/92,Sumatra Selatan,1992,0
IAIN Raden Fatah,004/SMS/03,Sumatra Selatan,2003,0
Universitas Muhammadiyah Palembang,005/SMS/03,Sumatra Selatan,2003,0
Maxikom,006/SMS/03,Sumatra Selatan,2003,0
Roda Maju,007/SMS/04,Sumatra Selatan,2004,0
Universitas Bina Darma,008/SMS/05,Sumatra Selatan,2005,0
Tunas Gemilang,009/SMS/08,Sumatra Selatan,2008,0
Aulia Cendekia Press,010/SMS/08,Sumatra Selatan,2008,0
LPK Tunas Melati Salam,011/SMS/12,Sumatra Selatan,2012,0
Noer Fikri,012/SMS/13,Sumatra Selatan,2013,0
Public Health Press,013/SMS/13,Sumatra Selatan,2013,0
Penerbit Yayasan Pendidikan Lambang Budi Bakti Alumnika (YPLBBA),015/SMS/16,Sumatra Selatan,2016,0
Agung Sriwijaya Peninsular,016/SMS/16,Sumatra Selatan,2016,0
Pusaka Riau,001/RAU/00,Riau,2000,0
Bahana Mestika Karya,002/RAU/00,Riau,2000,0
Sutra Benta Perkasa,003/RAU/04,Riau,2004,0
Usaha Putra Riau,004/RAU/00,Riau,2000,0
Persada Riau,005/RAU/05,Riau,2005,0
Lembaga Penerbitan Nahdhatul Ulama,006/RAU/05,Riau,2005,0
Riau Multimedia Entertainment,007/RAU/05,Riau,2005,0
Badan Penerbit Universitas Riau,008/RAU/05,Riau,2005,0
Angkasa Raya,001/SBA/1982,Sumatra Barat,1982,0
Pustaka Indonesia,002/SBA/82,Sumatra Barat,1982,0
Tiga Sari Utama,003/SBA/95,Sumatra Barat,1995,0
Anggrek Media (pindah),004/SBA/04,Sumatra Barat,2004,0
Kristal Multimedia,005/SBA/04,Sumatra Barat,2004,0
Gunung Bungsu,006/SBA/04,Sumatra Barat,2004,0
Sukabina Kharsa,007/SBA/09,Sumatra Barat,2009,0
Bintang Grafika,008/SBA/11,Sumatra Barat,2011,0
Jasa Surya,009/SBA/11,Sumatra Barat,2011,0
Citra Budaya Indonesia,010/SBA/11,Sumatra Barat,2011,0
Lembaga Penerbitan Imam Bonjol Press,011/SBA/15,Sumatra Barat,2015,0
Arifha,012/SBA/15,Sumatra Barat,2015,0
Rumahkayu Pustaka Utama,013/SBA/16,Sumatra Barat,2016,0
Angkasa Wira Usaha,001/SUT/94,Sumatra Utara,1994,0
Devi Plaza,002/SUT/94,Sumatra Utara,1994,0
Gama Utama,003/SUT/92,Sumatra Utara,1992,0
Harris,004/SUT/62,Sumatra Utara,1962,0
Hasmar,005/SUT/62,Sumatra Utara,1962,0
IAIN Press,006/SUT/89,Sumatra Utara,1989,0
Karya Pribumi,007/SUT/82,Sumatra Utara,1982,0
Madju Medan Cipta,008/SUT/62,Sumatra Utara,1962,0
Mitra Medan,009/SUT/96,Sumatra Utara,1996,0
Monora,010/SUT/62,Sumatra Utara,1962,0
Pustaka Widyasarana,011/SUT/92,Sumatra Utara,1992,0
Sarana Grafika,012/SUT/86,Sumatra Utara,1986,0
Waspada,013/SUT/76,Sumatra Utara,1976,0
Bina Media,014/SUT/01,Sumatra Utara,2001,0
Yandira Agung,015/SUT/01,Sumatra Utara,2001,0
Sastra Novela,016/SUT/03,Sumatra Utara,2003,0
Sinar Agung,017/SUT/06,Sumatra Utara,2006,0
Pustaka Bangsa,018/SUT/08,Sumatra Utara,2008,0
Partama Mitra Sari,019/SUT/10,Sumatra Utara,2010,0
Joehanda,020/SUT/11,Sumatra Utara,2011,0
Jabal Rahmat,021/SUT/11,Sumatra Utara,2011,0
Perdana Mulya Sarana,022/SUT/11,Sumatra Utara,2011,0
Bina Media Perintis,021/SUT/16,Sumatra Utara,2016,0
Naspar Djaja,022/SUT/18,Sumatra Utara,2018,0
Rizki Fatur Cemerlang,001/KEPRI/2011,Kep. Riau,2011,0
Bintang Dunia,002/KEPRI/2012,Kep. Riau,2012,0
Dewi Fortuna,003/KEPERI/2014,Kep. Riau,2014,0
Nalial Jaya Abadi,004/KEPRI/2017,Kep. Riau,2017,0
Polibatam Press,005/Anggota Luar Biasa/KEPRI/2018,Kep. Riau,2018,1
Boebon Jaya,001/DIA/96,DI Aceh,1996,0
Citra Karya,002/DIA/92,DI Aceh,1992,0
Dominan,003/DIA/99,DI Aceh,1999,0
Pustaka Tunggal,004/DIA/98,DI Aceh,1998,0
Pena,005/DIA/03,DI Aceh,2003,0
Ar-Rijal Institute,006/DIA/08,DI Aceh,2008,0
Ar Raniry Press,007/DIA/08,DI Aceh,2008,0
Yayasan Adnin (Adnin Foundation),008/DIA/09,DI Aceh,2009,0
Lembaga Swadaya Masyarakat LAPENA,009/DIA/09,DI Aceh,2009,0
Al Washliyah University Press (AUP),010/DIA/09,DI Aceh,2009,0
LKAS (Lembaga Kajian Agama dan Sosial) Banda Aceh,011/DIA/2010,DI Aceh,2010,0
BPNB Banda Aceh Press,012/DIA/2013,DI Aceh,2013,0
Lembaga Penerbitan Balai Bahasa Banda Aceh,013/DIA/2013,DI Aceh,2013,0
Lembaga Naskah Aceh (NASA),014/DIA/2013,DI Aceh,2013,0
Lembaga Studi Agama dan Masyarakat (LSAMA),015/DIA/2014,DI Aceh,2014,0
Pusat Dokumentasi Dan Informasi Aceh (PDIA),016/DIA/2014,DI Aceh,2014,0
Gema Aneuk Muda Nanggroe Aceh (GAMNA),016/DIA/2014,DI Aceh,2014,0
Syiah Kuala University Press,018/DIA/2014,DI Aceh,2014,0
Bandar Publishing,019/DIA/2017,DI Aceh,2017,0
Rapi,001/KSL/79,Kalimantan Selatan,1979,0
Romeo Mitra Grafika,001/KLB/00,Kalimantan Barat,2000,0
Insan Cita,002/KLB/02,Kalimantan Barat,2002,0
Samudera Mas,003/KLB/02,Kalimantan Barat,2002,0
Universitas Tanjungpura (Untan Press),004/KLB/03,Kalimantan Barat,2003,0
Fahruna Bahagia,005/KLB/03,Kalimantan Barat,2003,0
STAIN Press,006/KLB/03,Kalimantan Barat,2003,0
Kami,007/KLB/06,Kalimantan Barat,2006,0
Edukasi Press,008/KLB/08,Kalimantan Barat,2008,0
Penerbit FH Untan Press,009/KLB/08,Kalimantan Barat,2008,0
Menara Mega Perkasa,010/KLB/08,Kalimantan Barat,2008,0
Wanda Putra Persada,011/KLB/14,Kalimantan Barat,2014,0
Top Indonesia,012/KLB/15,Kalimantan Barat,2015,0
Baruna Karya,001/KTI/97,Kalimantan Timur,1997,0
Pustaka Spirit,002/KTI/07,Kalimantan Timur,2007,0
Sultan Kaltim Utama,003/KTI/2010,Kalimantan Timur,2010,0
Mulawarman University Press,004/Anggota Luar Biasa/KTI/2017,Kalimantan Timur,2017,1
Surya Mekar,001/KALTENG/06,Kalimantan Tengah,2006,0
Citra Adi Bangsa,001/SSL/01,Sulawesi Selatan,2001,0
Hasanuddin University Press,002/SSL/01,Sulawesi Selatan,2001,0
Mitra Media,003/SSL/01,Sulawesi Selatan,2001,0
Umitoha Ukhuwah Grafika,004/SSL/96,Sulawesi Selatan,1996,0
Intermedia Kreasi Mandiri,005/SSL/03,Sulawesi Selatan,2003,0
Pustaka Refleksi,006/SSL/03,Sulawesi Selatan,2003,0
De La Macca,007/SSL/03,Sulawesi Selatan,2003,0
Bintang Ilmu,008/SSL/03,Sulawesi Selatan,2003,0
Indobis,009/SSL/06,Sulawesi Selatan,2006,0
LamPENA (Lembaga Pengkajian Pengembangan dan Pendidikan Masyarakat),010/SSL/08,Sulawesi Selatan,2008,0
Badan Penerbit Universitas Negeri Makassar,011/SSL/2010,Sulawesi Selatan,2010,0
Pustaka Sawerigading,012/SSL/2014,Sulawesi Selatan,2014,0
Masagena Center,012B/SSL/2012,Sulawesi Selatan,2012,0
Luqman Al Hakim Press,013/SSL/2015,Sulawesi Selatan,2015,0
Garis Khatulistiwa,014/SSL/2016,Sulawesi Selatan,2016,0
Social Politic Genius,015/SSL/2018,Sulawesi Selatan,2018,0
Investasi Sulteng,001/Sul-Teng/2009,Sulawesi,2009,0
Badan Penerbit Universitas Tadulako Press,002/Sul-Teng/2009,Sulawesi,2009,0
Edukasi Mitra Grafika,003/Sul-Teng/2009,Sulawesi,2009,0
STAIN Manado Press,001/SULUT/2013,Sulawesi,2013,0
Unsrat Press,002/Anggota Luar Biasa/SULUT/2017,Sulawesi,2017,1
Ideas Publishing,001/Gorontalo/14,Sulawesi,2014,0
UNG Press,002/Gorontalo/14,Sulawesi,2014,0
Kayumas Agung,001/BAI/94,Bali,1994,0
Percetakan Bali,002/BAI/97,Bali,1997,0
Upada Sastra,003/BAI/89,Bali,1989,0
Tri Agung,004/BAI/03,Bali,2003,0
Tohpati Grafika Utama,005/BAI/03,Bali,2003,0
Prana Pancaka Mitra,006/BAI/04,Bali,2004,0
Empat Warna Komunikasi,007/BAI/04,Bali,2004,0
Akita Jaya,008/BAI/07,Bali,2007,0
Trio Mitra Grafika,009/BAI/07,Bali,2007,0
Tarukan Agung,010/BAI/08,Bali,2008,0
Bhuwana Utama,011/BAI/08,Bali,2008,0
Dwi Cipta Mediatama,012/BAI/08,Bali,2008,0
Bilas Utama,013/BAI/08,Bali,2008,0
Dwi Jaya Mandiri,014/BAI/09,Bali,2009,0
Cakra Media Utama,015/BAI/11,Bali,2011,0
Sari Kahyangan,016/BAI/12,Bali,2012,0
Lembaga Penjaminan Mutu Pendidikan Bali,017/BAI/16,Bali,2016,0
Nusa Indah,001/NTT/,Nusa Tenggara Timur,,0
Kairos,002/NTT/05,Nusa Tenggara Timur,2005,0
Lembaga Penerbit Ledalero,003/NTT/2005,Nusa Tenggara Timur,2005,0
Gita Kasih,004/NTT/2005,Nusa Tenggara Timur,2005,0
STKIP ST. Paulus Ruteng,005/Anggota Luar Biasa/NTT/2017,Nusa Tenggara Timur,2017,1
Nusa Tenggara Pratama Press,001/NTB/04,Nusa Tenggara Barat,2004,0
Pustaka Widya,002/NTB/06,Nusa Tenggara Barat,2006,0
Pustaka Bangsa,003/Anggota Luar Biasa/NTB/17,Nusa Tenggara Barat,2017,1
CV. Media Jaya Abdi,331/JBA/2018,Jawa Barat,2018,0
